hour,production,consumption
2025-04-01 00:00,0,0.52
2025-03-31 22:15,0,0.5
2025-03-31 22:30,0,0.48
2025-03-31 22:45,0,0.46
2025-04-01 01:00,0,0.44
2025-03-31 23:15,0,0.43
2025-03-31 23:30,0,0.42
2025-03-31 23:45,0,0.41
2025-04-01 02:00,0,0.4
2025-04-01 00:15,0.0125,0.4025
2025-04-01 00:30,0.025,0.405
2025-04-01 00:45,0.0375,0.4075
2025-04-01 03:00,0.05,0.41
2025-04-01 01:15,0.07,0.4375
2025-04-01 01:30,0.09,0.465
2025-04-01 01:45,0.11,0.4925
2025-04-01 04:00,0.13,0.52
2025-04-01 02:15,0.215,0.5525
2025-04-01 02:30,0.3,0.585
2025-04-01 02:45,0.385,0.6175
2025-04-01 05:00,0.47,0.65
2025-04-01 03:15,0.585,0.7225
2025-04-01 03:30,0.7,0.795
2025-04-01 03:45,0.815,0.8675
2025-04-01 06:00,0.93,0.94
2025-04-01 04:15,1.0075,1.005
2025-04-01 04:30,1.085,1.07
2025-04-01 04:45,1.1625,1.135
2025-04-01 07:00,1.24,1.2
2025-04-01 05:15,1.325,1.255
2025-04-01 05:30,1.41,1.31
2025-04-01 05:45,1.495,1.365
2025-04-01 08:00,1.58,1.42
2025-04-01 06:15,1.6775,1.5225
2025-04-01 06:30,1.775,1.625
2025-04-01 06:45,1.8725,1.7275
2025-04-01 09:00,1.97,1.83
2025-04-01 07:15,2.01,1.83
2025-04-01 07:30,2.05,1.83
2025-04-01 07:45,2.09,1.83
2025-04-01 10:00,2.13,1.83
2025-04-01 08:15,2.22,1.8725
2025-04-01 08:30,2.31,1.915
2025-04-01 08:45,2.4,1.9575
2025-04-01 11:00,2.49,2
2025-04-01 09:15,2.4825,2.0075
2025-04-01 09:30,2.475,2.015
2025-04-01 09:45,2.4675,2.0225
2025-04-01 12:00,2.46,2.03
2025-04-01 10:15,2.4325,2.06
2025-04-01 10:30,2.405,2.09
2025-04-01 10:45,2.3775,2.12
2025-04-01 13:00,2.35,2.15
2025-04-01 11:15,2.35,2.1075
2025-04-01 11:30,2.35,2.065
2025-04-01 11:45,2.35,2.0225
2025-04-01 14:00,2.35,1.98
2025-04-01 12:15,2.21,1.9025
2025-04-01 12:30,2.07,1.825
2025-04-01 12:45,1.93,1.7475
2025-04-01 15:00,1.79,1.67
2025-04-01 13:15,1.76,1.6425
2025-04-01 13:30,1.73,1.615
2025-04-01 13:45,1.7,1.5875
2025-04-01 16:00,1.67,1.56
2025-04-01 14:15,1.62,1.5
2025-04-01 14:30,1.57,1.44
2025-04-01 14:45,1.52,1.38
2025-04-01 17:00,1.47,1.32
2025-04-01 15:15,1.35,1.3025
2025-04-01 15:30,1.23,1.285
2025-04-01 15:45,1.11,1.2675
2025-04-01 18:00,0.99,1.25
2025-04-01 16:15,0.875,1.175
2025-04-01 16:30,0.76,1.1
2025-04-01 16:45,0.645,1.025
2025-04-01 19:00,0.53,0.95
2025-04-01 17:15,0.4625,0.905
2025-04-01 17:30,0.395,0.86
2025-04-01 17:45,0.3275,0.815
2025-04-01 20:00,0.26,0.77
2025-04-01 18:15,0.2075,0.74
2025-04-01 18:30,0.155,0.71
2025-04-01 18:45,0.1025,0.68
2025-04-01 21:00,0.05,0.65
2025-04-01 19:15,0.0375,0.64
2025-04-01 19:30,0.025,0.63
2025-04-01 19:45,0.0125,0.62
2025-04-01 22:00,0,0.61
2025-04-01 20:15,0,0.59
2025-04-01 20:30,0,0.57
2025-04-01 20:45,0,0.55
2025-04-01 23:00,0,0.53
2025-04-01 21:15,0,0.525
2025-04-01 21:30,0,0.52
2025-04-01 21:45,0,0.515
2025-04-02 00:00,0,0.51
2025-04-01 22:15,0,0.4725
2025-04-01 22:30,0,0.435
2025-04-01 22:45,0,0.3975
2025-04-02 01:00,0,0.36
2025-04-01 23:15,0,0.3725
2025-04-01 23:30,0,0.385
2025-04-01 23:45,0,0.3975
2025-04-02 02:00,0,0.41
2025-04-02 00:15,0.0125,0.4025
2025-04-02 00:30,0.025,0.395
2025-04-02 00:45,0.0375,0.3875
2025-04-02 03:00,0.05,0.38
2025-04-02 01:15,0.07,0.405
2025-04-02 01:30,0.09,0.43
2025-04-02 01:45,0.11,0.455
2025-04-02 04:00,0.13,0.48
2025-04-02 02:15,0.2125,0.55
2025-04-02 02:30,0.295,0.62
2025-04-02 02:45,0.3775,0.69
2025-04-02 05:00,0.46,0.76
2025-04-02 03:15,0.5625,0.8225
2025-04-02 03:30,0.665,0.885
2025-04-02 03:45,0.7675,0.9475
2025-04-02 06:00,0.87,1.01
2025-04-02 04:15,0.9825,1.085
2025-04-02 04:30,1.095,1.16
2025-04-02 04:45,1.2075,1.235
2025-04-02 07:00,1.32,1.31
2025-04-02 05:15,1.3375,1.3425
2025-04-02 05:30,1.355,1.375
2025-04-02 05:45,1.3725,1.4075
2025-04-02 08:00,1.39,1.44
2025-04-02 06:15,1.495,1.4675
2025-04-02 06:30,1.6,1.495
2025-04-02 06:45,1.705,1.5225
2025-04-02 09:00,1.81,1.55
2025-04-02 07:15,1.915,1.59
2025-04-02 07:30,2.02,1.63
2025-04-02 07:45,2.125,1.67
2025-04-02 10:00,2.23,1.71
2025-04-02 08:15,2.26,1.74
2025-04-02 08:30,2.29,1.77
2025-04-02 08:45,2.32,1.8
2025-04-02 11:00,2.35,1.83
2025-04-02 09:15,2.3975,1.955
2025-04-02 09:30,2.445,2.08
2025-04-02 09:45,2.4925,2.205
2025-04-02 12:00,2.54,2.33
2025-04-02 10:15,2.5275,2.215
2025-04-02 10:30,2.515,2.1
2025-04-02 10:45,2.5025,1.985
2025-04-02 13:00,2.49,1.87
2025-04-02 11:15,2.4425,1.8725
2025-04-02 11:30,2.395,1.875
2025-04-02 11:45,2.3475,1.8775
2025-04-02 14:00,2.3,1.88
2025-04-02 12:15,2.215,1.835
2025-04-02 12:30,2.13,1.79
2025-04-02 12:45,2.045,1.745
2025-04-02 15:00,1.96,1.7
2025-04-02 13:15,1.905,1.64
2025-04-02 13:30,1.85,1.58
2025-04-02 13:45,1.795,1.52
2025-04-02 16:00,1.74,1.46
2025-04-02 14:15,1.61,1.4225
2025-04-02 14:30,1.48,1.385
2025-04-02 14:45,1.35,1.3475
2025-04-02 17:00,1.22,1.31
2025-04-02 15:15,1.1475,1.2725
2025-04-02 15:30,1.075,1.235
2025-04-02 15:45,1.0025,1.1975
2025-04-02 18:00,0.93,1.16
2025-04-02 16:15,0.8375,1.12
2025-04-02 16:30,0.745,1.08
2025-04-02 16:45,0.6525,1.04
2025-04-02 19:00,0.56,1
2025-04-02 17:15,0.4825,0.9475
2025-04-02 17:30,0.405,0.895
2025-04-02 17:45,0.3275,0.8425
2025-04-02 20:00,0.25,0.79
2025-04-02 18:15,0.2,0.7825
2025-04-02 18:30,0.15,0.775
2025-04-02 18:45,0.1,0.7675
2025-04-02 21:00,0.05,0.76
2025-04-02 19:15,0.0375,0.7325
2025-04-02 19:30,0.025,0.705
2025-04-02 19:45,0.0125,0.6775
2025-04-02 22:00,0,0.65
2025-04-02 20:15,0,0.6075
2025-04-02 20:30,0,0.565
2025-04-02 20:45,0,0.5225
2025-04-02 23:00,0,0.48
2025-04-02 21:15,0,0.495
2025-04-02 21:30,0,0.51
2025-04-02 21:45,0,0.525
2025-04-03 00:00,0,0.54
2025-04-02 22:15,0,0.5125
2025-04-02 22:30,0,0.485
2025-04-02 22:45,0,0.4575
2025-04-03 01:00,0,0.43
2025-04-02 23:15,0,0.415
2025-04-02 23:30,0,0.4
2025-04-02 23:45,0,0.385
2025-04-03 02:00,0,0.37
2025-04-03 00:15,0.0125,0.3675
2025-04-03 00:30,0.025,0.365
2025-04-03 00:45,0.0375,0.3625
2025-04-03 03:00,0.05,0.36
2025-04-03 01:15,0.07,0.39
2025-04-03 01:30,0.09,0.42
2025-04-03 01:45,0.11,0.45
2025-04-03 04:00,0.13,0.48
2025-04-03 02:15,0.2125,0.53
2025-04-03 02:30,0.295,0.58
2025-04-03 02:45,0.3775,0.63
2025-04-03 05:00,0.46,0.68
2025-04-03 03:15,0.5425,0.745
2025-04-03 03:30,0.625,0.81
2025-04-03 03:45,0.7075,0.875
2025-04-03 06:00,0.79,0.94
2025-04-03 04:15,0.8875,1.0175
2025-04-03 04:30,0.985,1.095
2025-04-03 04:45,1.0825,1.1725
2025-04-03 07:00,1.18,1.25
2025-04-03 05:15,1.2725,1.345
2025-04-03 05:30,1.365,1.44
2025-04-03 05:45,1.4575,1.535
2025-04-03 08:00,1.55,1.63
2025-04-03 06:15,1.665,1.6675
2025-04-03 06:30,1.78,1.705
2025-04-03 06:45,1.895,1.7425
2025-04-03 09:00,2.01,1.78
2025-04-03 07:15,2.0025,1.8175
2025-04-03 07:30,1.995,1.855
2025-04-03 07:45,1.9875,1.8925
2025-04-03 10:00,1.98,1.93
2025-04-03 08:15,2.03,1.9325
2025-04-03 08:30,2.08,1.935
2025-04-03 08:45,2.13,1.9375
2025-04-03 11:00,2.18,1.94
2025-04-03 09:15,2.2525,1.995
2025-04-03 09:30,2.325,2.05
2025-04-03 09:45,2.3975,2.105
2025-04-03 12:00,2.47,2.16
2025-04-03 10:15,2.47,2.11
2025-04-03 10:30,2.47,2.06
2025-04-03 10:45,2.47,2.01
2025-04-03 13:00,2.47,1.96
2025-04-03 11:15,2.4,1.8775
2025-04-03 11:30,2.33,1.795
2025-04-03 11:45,2.26,1.7125
2025-04-03 14:00,2.19,1.63
2025-04-03 12:15,2.1325,1.655
2025-04-03 12:30,2.075,1.68
2025-04-03 12:45,2.0175,1.705
2025-04-03 15:00,1.96,1.73
2025-04-03 13:15,1.875,1.6575
2025-04-03 13:30,1.79,1.585
2025-04-03 13:45,1.705,1.5125
2025-04-03 16:00,1.62,1.44
2025-04-03 14:15,1.525,1.385
2025-04-03 14:30,1.43,1.33
2025-04-03 14:45,1.335,1.275
2025-04-03 17:00,1.24,1.22
2025-04-03 15:15,1.1775,1.22
2025-04-03 15:30,1.115,1.22
2025-04-03 15:45,1.0525,1.22
2025-04-03 18:00,0.99,1.22
2025-04-03 16:15,0.88,1.1475
2025-04-03 16:30,0.77,1.075
2025-04-03 16:45,0.66,1.0025
2025-04-03 19:00,0.55,0.93
2025-04-03 17:15,0.4775,0.915
2025-04-03 17:30,0.405,0.9
2025-04-03 17:45,0.3325,0.885
2025-04-03 20:00,0.26,0.87
2025-04-03 18:15,0.2075,0.825
2025-04-03 18:30,0.155,0.78
2025-04-03 18:45,0.1025,0.735
2025-04-03 21:00,0.05,0.69
2025-04-03 19:15,0.0375,0.6725
2025-04-03 19:30,0.025,0.655
2025-04-03 19:45,0.0125,0.6375
2025-04-03 22:00,0,0.62
2025-04-03 20:15,0,0.595
2025-04-03 20:30,0,0.57
2025-04-03 20:45,0,0.545
2025-04-03 23:00,0,0.52
2025-04-03 21:15,0,0.5025
2025-04-03 21:30,0,0.485
2025-04-03 21:45,0,0.4675
2025-04-04 00:00,0,0.45
2025-04-03 22:15,0,0.435
2025-04-03 22:30,0,0.42
2025-04-03 22:45,0,0.405
2025-04-04 01:00,0,0.39
2025-04-03 23:15,0,0.3975
2025-04-03 23:30,0,0.405
2025-04-03 23:45,0,0.4125
2025-04-04 02:00,0,0.42
2025-04-04 00:15,0.0125,0.425
2025-04-04 00:30,0.025,0.43
2025-04-04 00:45,0.0375,0.435
2025-04-04 03:00,0.05,0.44
2025-04-04 01:15,0.075,0.4525
2025-04-04 01:30,0.1,0.465
2025-04-04 01:45,0.125,0.4775
2025-04-04 04:00,0.15,0.49
2025-04-04 02:15,0.2325,0.5375
2025-04-04 02:30,0.315,0.585
2025-04-04 02:45,0.3975,0.6325
2025-04-04 05:00,0.48,0.68
2025-04-04 03:15,0.56,0.7475
2025-04-04 03:30,0.64,0.815
2025-04-04 03:45,0.72,0.8825
2025-04-04 06:00,0.8,0.95
2025-04-04 04:15,0.8725,1.01
2025-04-04 04:30,0.945,1.07
2025-04-04 04:45,1.0175,1.13
2025-04-04 07:00,1.09,1.19
2025-04-04 05:15,1.235,1.2725
2025-04-04 05:30,1.38,1.355
2025-04-04 05:45,1.525,1.4375
2025-04-04 08:00,1.67,1.52
2025-04-04 06:15,1.7125,1.5425
2025-04-04 06:30,1.755,1.565
2025-04-04 06:45,1.7975,1.5875
2025-04-04 09:00,1.84,1.61
2025-04-04 07:15,1.9575,1.6325
2025-04-04 07:30,2.075,1.655
2025-04-04 07:45,2.1925,1.6775
2025-04-04 10:00,2.31,1.7
2025-04-04 08:15,2.35,1.8075
2025-04-04 08:30,2.39,1.915
2025-04-04 08:45,2.43,2.0225
2025-04-04 11:00,2.47,2.13
2025-04-04 09:15,2.5375,2.1425
2025-04-04 09:30,2.605,2.155
2025-04-04 09:45,2.6725,2.1675
2025-04-04 12:00,2.74,2.18
2025-04-04 10:15,2.595,2.1675
2025-04-04 10:30,2.45,2.155
2025-04-04 10:45,2.305,2.1425
2025-04-04 13:00,2.16,2.13
2025-04-04 11:15,2.13,2.025
2025-04-04 11:30,2.1,1.92
2025-04-04 11:45,2.07,1.815
2025-04-04 14:00,2.04,1.71
2025-04-04 12:15,1.9625,1.71
2025-04-04 12:30,1.885,1.71
2025-04-04 12:45,1.8075,1.71
2025-04-04 15:00,1.73,1.71
2025-04-04 13:15,1.71,1.65
2025-04-04 13:30,1.69,1.59
2025-04-04 13:45,1.67,1.53
2025-04-04 16:00,1.65,1.47
2025-04-04 14:15,1.575,1.4425
2025-04-04 14:30,1.5,1.415
2025-04-04 14:45,1.425,1.3875
2025-04-04 17:00,1.35,1.36
2025-04-04 15:15,1.2475,1.35
2025-04-04 15:30,1.145,1.34
2025-04-04 15:45,1.0425,1.33
2025-04-04 18:00,0.94,1.32
2025-04-04 16:15,0.86,1.23
2025-04-04 16:30,0.78,1.14
2025-04-04 16:45,0.7,1.05
2025-04-04 19:00,0.62,0.96
2025-04-04 17:15,0.5275,0.925
2025-04-04 17:30,0.435,0.89
2025-04-04 17:45,0.3425,0.855
2025-04-04 20:00,0.25,0.82
2025-04-04 18:15,0.2,0.79
2025-04-04 18:30,0.15,0.76
2025-04-04 18:45,0.1,0.73
2025-04-04 21:00,0.05,0.7
2025-04-04 19:15,0.0375,0.6625
2025-04-04 19:30,0.025,0.625
2025-04-04 19:45,0.0125,0.5875
2025-04-04 22:00,0,0.55
2025-04-04 20:15,0,0.55
2025-04-04 20:30,0,0.55
2025-04-04 20:45,0,0.55
2025-04-04 23:00,0,0.55
2025-04-04 21:15,0,0.5275
2025-04-04 21:30,0,0.505
2025-04-04 21:45,0,0.4825
2025-04-05 00:00,0,0.46
2025-04-04 22:15,0,0.4425
2025-04-04 22:30,0,0.425
2025-04-04 22:45,0,0.4075
2025-04-05 01:00,0,0.39
2025-04-04 23:15,0,0.4025
2025-04-04 23:30,0,0.415
2025-04-04 23:45,0,0.4275
2025-04-05 02:00,0,0.44
2025-04-05 00:15,0.0125,0.435
2025-04-05 00:30,0.025,0.43
2025-04-05 00:45,0.0375,0.425
2025-04-05 03:00,0.05,0.42
2025-04-05 01:15,0.075,0.43
2025-04-05 01:30,0.1,0.44
2025-04-05 01:45,0.125,0.45
2025-04-05 04:00,0.15,0.46
2025-04-05 02:15,0.24,0.5275
2025-04-05 02:30,0.33,0.595
2025-04-05 02:45,0.42,0.6625
2025-04-05 05:00,0.51,0.73
2025-04-05 03:15,0.605,0.78
2025-04-05 03:30,0.7,0.83
2025-04-05 03:45,0.795,0.88
2025-04-05 06:00,0.89,0.93
2025-04-05 04:15,0.945,1.0125
2025-04-05 04:30,1,1.095
2025-04-05 04:45,1.055,1.1775
2025-04-05 07:00,1.11,1.26
2025-04-05 05:15,1.1825,1.3
2025-04-05 05:30,1.255,1.34
2025-04-05 05:45,1.3275,1.38
2025-04-05 08:00,1.4,1.42
2025-04-05 06:15,1.5525,1.5025
2025-04-05 06:30,1.705,1.585
2025-04-05 06:45,1.8575,1.6675
2025-04-05 09:00,2.01,1.75
2025-04-05 07:15,1.9975,1.79
2025-04-05 07:30,1.985,1.83
2025-04-05 07:45,1.9725,1.87
2025-04-05 10:00,1.96,1.91
2025-04-05 08:15,2.015,1.965
2025-04-05 08:30,2.07,2.02
2025-04-05 08:45,2.125,2.075
2025-04-05 11:00,2.18,2.13
2025-04-05 09:15,2.2125,2.17
2025-04-05 09:30,2.245,2.21
2025-04-05 09:45,2.2775,2.25
2025-04-05 12:00,2.31,2.29
2025-04-05 10:15,2.3725,2.17
2025-04-05 10:30,2.435,2.05
2025-04-05 10:45,2.4975,1.93
2025-04-05 13:00,2.56,1.81
2025-04-05 11:15,2.5125,1.77
2025-04-05 11:30,2.465,1.73
2025-04-05 11:45,2.4175,1.69
2025-04-05 14:00,2.37,1.65
2025-04-05 12:15,2.2275,1.68
2025-04-05 12:30,2.085,1.71
2025-04-05 12:45,1.9425,1.74
2025-04-05 15:00,1.8,1.77
2025-04-05 13:15,1.8075,1.665
2025-04-05 13:30,1.815,1.56
2025-04-05 13:45,1.8225,1.455
2025-04-05 16:00,1.83,1.35
2025-04-05 14:15,1.7075,1.3075
2025-04-05 14:30,1.585,1.265
2025-04-05 14:45,1.4625,1.2225
2025-04-05 17:00,1.34,1.18
2025-04-05 15:15,1.2675,1.1725
2025-04-05 15:30,1.195,1.165
2025-04-05 15:45,1.1225,1.1575
2025-04-05 18:00,1.05,1.15
2025-04-05 16:15,0.9375,1.12
2025-04-05 16:30,0.825,1.09
2025-04-05 16:45,0.7125,1.06
2025-04-05 19:00,0.6,1.03
2025-04-05 17:15,0.51,0.99
2025-04-05 17:30,0.42,0.95
2025-04-05 17:45,0.33,0.91
2025-04-05 20:00,0.24,0.87
2025-04-05 18:15,0.1925,0.815
2025-04-05 18:30,0.145,0.76
2025-04-05 18:45,0.0975,0.705
2025-04-05 21:00,0.05,0.65
2025-04-05 19:15,0.0375,0.64
2025-04-05 19:30,0.025,0.63
2025-04-05 19:45,0.0125,0.62
2025-04-05 22:00,0,0.61
2025-04-05 20:15,0,0.5925
2025-04-05 20:30,0,0.575
2025-04-05 20:45,0,0.5575
2025-04-05 23:00,0,0.54
2025-04-05 21:15,0,0.525
2025-04-05 21:30,0,0.51
2025-04-05 21:45,0,0.495
2025-04-06 00:00,0,0.48
2025-04-05 22:15,0,0.455
2025-04-05 22:30,0,0.43
2025-04-05 22:45,0,0.405
2025-04-06 01:00,0,0.38
2025-04-05 23:15,0,0.3875
2025-04-05 23:30,0,0.395
2025-04-05 23:45,0,0.4025
2025-04-06 02:00,0,0.41
2025-04-06 00:15,0.01,0.4075
2025-04-06 00:30,0.02,0.405
2025-04-06 00:45,0.03,0.4025
2025-04-06 03:00,0.04,0.4
2025-04-06 01:15,0.065,0.415
2025-04-06 01:30,0.09,0.43
2025-04-06 01:45,0.115,0.445
2025-04-06 04:00,0.14,0.46
2025-04-06 02:15,0.2225,0.53
2025-04-06 02:30,0.305,0.6
2025-04-06 02:45,0.3875,0.67
2025-04-06 05:00,0.47,0.74
2025-04-06 03:15,0.5675,0.7925
2025-04-06 03:30,0.665,0.845
2025-04-06 03:45,0.7625,0.8975
2025-04-06 06:00,0.86,0.95
2025-04-06 04:15,0.9675,0.995
2025-04-06 04:30,1.075,1.04
2025-04-06 04:45,1.1825,1.085
2025-04-06 07:00,1.29,1.13
2025-04-06 05:15,1.3525,1.25
2025-04-06 05:30,1.415,1.37
2025-04-06 05:45,1.4775,1.49
2025-04-06 08:00,1.54,1.61
2025-04-06 06:15,1.645,1.655
2025-04-06 06:30,1.75,1.7
2025-04-06 06:45,1.855,1.745
2025-04-06 09:00,1.96,1.79
2025-04-06 07:15,2.015,1.8
2025-04-06 07:30,2.07,1.81
2025-04-06 07:45,2.125,1.82
2025-04-06 10:00,2.18,1.83
2025-04-06 08:15,2.28,1.865
2025-04-06 08:30,2.38,1.9
2025-04-06 08:45,2.48,1.935
2025-04-06 11:00,2.58,1.97
2025-04-06 09:15,2.6125,2.0325
2025-04-06 09:30,2.645,2.095
2025-04-06 09:45,2.6775,2.1575
2025-04-06 12:00,2.71,2.22
2025-04-06 10:15,2.6025,2.1425
2025-04-06 10:30,2.495,2.065
2025-04-06 10:45,2.3875,1.9875
2025-04-06 13:00,2.28,1.91
2025-04-06 11:15,2.24,1.885
2025-04-06 11:30,2.2,1.86
2025-04-06 11:45,2.16,1.835
2025-04-06 14:00,2.12,1.81
2025-04-06 12:15,2.105,1.8025
2025-04-06 12:30,2.09,1.795
2025-04-06 12:45,2.075,1.7875
2025-04-06 15:00,2.06,1.78
2025-04-06 13:15,1.96,1.695
2025-04-06 13:30,1.86,1.61
2025-04-06 13:45,1.76,1.525
2025-04-06 16:00,1.66,1.44
2025-04-06 14:15,1.5825,1.3925
2025-04-06 14:30,1.505,1.345
2025-04-06 14:45,1.4275,1.2975
2025-04-06 17:00,1.35,1.25
2025-04-06 15:15,1.2625,1.215
2025-04-06 15:30,1.175,1.18
2025-04-06 15:45,1.0875,1.145
2025-04-06 18:00,1,1.11
2025-04-06 16:15,0.895,1.07
2025-04-06 16:30,0.79,1.03
2025-04-06 16:45,0.685,0.99
2025-04-06 19:00,0.58,0.95
2025-04-06 17:15,0.4975,0.925
2025-04-06 17:30,0.415,0.9
2025-04-06 17:45,0.3325,0.875
2025-04-06 20:00,0.25,0.85
2025-04-06 18:15,0.2,0.7975
2025-04-06 18:30,0.15,0.745
2025-04-06 18:45,0.1,0.6925
2025-04-06 21:00,0.05,0.64
2025-04-06 19:15,0.0375,0.6175
2025-04-06 19:30,0.025,0.595
2025-04-06 19:45,0.0125,0.5725
2025-04-06 22:00,0,0.55
2025-04-06 20:15,0,0.55
2025-04-06 20:30,0,0.55
2025-04-06 20:45,0,0.55
2025-04-06 23:00,0,0.55
2025-04-06 21:15,0,0.5475
2025-04-06 21:30,0,0.545
2025-04-06 21:45,0,0.5425
2025-04-07 00:00,0,0.54
2025-04-06 22:15,0,0.5075
2025-04-06 22:30,0,0.475
2025-04-06 22:45,0,0.4425
2025-04-07 01:00,0,0.41
2025-04-06 23:15,0,0.4075
2025-04-06 23:30,0,0.405
2025-04-06 23:45,0,0.4025
2025-04-07 02:00,0,0.4
2025-04-07 00:15,0.0125,0.4075
2025-04-07 00:30,0.025,0.415
2025-04-07 00:45,0.0375,0.4225
2025-04-07 03:00,0.05,0.43
2025-04-07 01:15,0.075,0.4375
2025-04-07 01:30,0.1,0.445
2025-04-07 01:45,0.125,0.4525
2025-04-07 04:00,0.15,0.46
2025-04-07 02:15,0.23,0.5175
2025-04-07 02:30,0.31,0.575
2025-04-07 02:45,0.39,0.6325
2025-04-07 05:00,0.47,0.69
2025-04-07 03:15,0.5525,0.7575
2025-04-07 03:30,0.635,0.825
2025-04-07 03:45,0.7175,0.8925
2025-04-07 06:00,0.8,0.96
2025-04-07 04:15,0.92,0.995
2025-04-07 04:30,1.04,1.03
2025-04-07 04:45,1.16,1.065
2025-04-07 07:00,1.28,1.1
2025-04-07 05:15,1.35,1.165
2025-04-07 05:30,1.42,1.23
2025-04-07 05:45,1.49,1.295
2025-04-07 08:00,1.56,1.36
2025-04-07 06:15,1.655,1.4175
2025-04-07 06:30,1.75,1.475
2025-04-07 06:45,1.845,1.5325
2025-04-07 09:00,1.94,1.59
2025-04-07 07:15,1.985,1.6
2025-04-07 07:30,2.03,1.61
2025-04-07 07:45,2.075,1.62
2025-04-07 10:00,2.12,1.63
2025-04-07 08:15,2.1725,1.6975
2025-04-07 08:30,2.225,1.765
2025-04-07 08:45,2.2775,1.8325
2025-04-07 11:00,2.33,1.9
2025-04-07 09:15,2.32,1.935
2025-04-07 09:30,2.31,1.97
2025-04-07 09:45,2.3,2.005
2025-04-07 12:00,2.29,2.04
2025-04-07 10:15,2.3325,2.005
2025-04-07 10:30,2.375,1.97
2025-04-07 10:45,2.4175,1.935
2025-04-07 13:00,2.46,1.9
2025-04-07 11:15,2.415,1.835
2025-04-07 11:30,2.37,1.77
2025-04-07 11:45,2.325,1.705
2025-04-07 14:00,2.28,1.64
2025-04-07 12:15,2.15,1.69
2025-04-07 12:30,2.02,1.74
2025-04-07 12:45,1.89,1.79
2025-04-07 15:00,1.76,1.84
2025-04-07 13:15,1.715,1.785
2025-04-07 13:30,1.67,1.73
2025-04-07 13:45,1.625,1.675
2025-04-07 16:00,1.58,1.62
2025-04-07 14:15,1.545,1.525
2025-04-07 14:30,1.51,1.43
2025-04-07 14:45,1.475,1.335
2025-04-07 17:00,1.44,1.24
2025-04-07 15:15,1.3225,1.2325
2025-04-07 15:30,1.205,1.225
2025-04-07 15:45,1.0875,1.2175
2025-04-07 18:00,0.97,1.21
2025-04-07 16:15,0.885,1.1775
2025-04-07 16:30,0.8,1.145
2025-04-07 16:45,0.715,1.1125
2025-04-07 19:00,0.63,1.08
2025-04-07 17:15,0.5375,0.995
2025-04-07 17:30,0.445,0.91
2025-04-07 17:45,0.3525,0.825
2025-04-07 20:00,0.26,0.74
2025-04-07 18:15,0.2075,0.7425
2025-04-07 18:30,0.155,0.745
2025-04-07 18:45,0.1025,0.7475
2025-04-07 21:00,0.05,0.75
2025-04-07 19:15,0.0375,0.7125
2025-04-07 19:30,0.025,0.675
2025-04-07 19:45,0.0125,0.6375
2025-04-07 22:00,0,0.6
2025-04-07 20:15,0,0.575
2025-04-07 20:30,0,0.55
2025-04-07 20:45,0,0.525
2025-04-07 23:00,0,0.5
2025-04-07 21:15,0,0.5075
2025-04-07 21:30,0,0.515
2025-04-07 21:45,0,0.5225
2025-04-08 00:00,0,0.53
2025-04-07 22:15,0,0.5
2025-04-07 22:30,0,0.47
2025-04-07 22:45,0,0.44
2025-04-08 01:00,0,0.41
2025-04-07 23:15,0,0.4025
2025-04-07 23:30,0,0.395
2025-04-07 23:45,0,0.3875
2025-04-08 02:00,0,0.38
2025-04-08 00:15,0.0125,0.3825
2025-04-08 00:30,0.025,0.385
2025-04-08 00:45,0.0375,0.3875
2025-04-08 03:00,0.05,0.39
2025-04-08 01:15,0.075,0.425
2025-04-08 01:30,0.1,0.46
2025-04-08 01:45,0.125,0.495
2025-04-08 04:00,0.15,0.53
2025-04-08 02:15,0.23,0.5825
2025-04-08 02:30,0.31,0.635
2025-04-08 02:45,0.39,0.6875
2025-04-08 05:00,0.47,0.74
2025-04-08 03:15,0.56,0.78
2025-04-08 03:30,0.65,0.82
2025-04-08 03:45,0.74,0.86
2025-04-08 06:00,0.83,0.9
2025-04-08 04:15,0.95,0.9975
2025-04-08 04:30,1.07,1.095
2025-04-08 04:45,1.19,1.1925
2025-04-08 07:00,1.31,1.29
2025-04-08 05:15,1.37,1.325
2025-04-08 05:30,1.43,1.36
2025-04-08 05:45,1.49,1.395
2025-04-08 08:00,1.55,1.43
2025-04-08 06:15,1.625,1.4825
2025-04-08 06:30,1.7,1.535
2025-04-08 06:45,1.775,1.5875
2025-04-08 09:00,1.85,1.64
2025-04-08 07:15,1.89,1.6775
2025-04-08 07:30,1.93,1.715
2025-04-08 07:45,1.97,1.7525
2025-04-08 10:00,2.01,1.79
2025-04-08 08:15,2.1175,1.8875
2025-04-08 08:30,2.225,1.985
2025-04-08 08:45,2.3325,2.0825
2025-04-08 11:00,2.44,2.18
2025-04-08 09:15,2.425,2.18
2025-04-08 09:30,2.41,2.18
2025-04-08 09:45,2.395,2.18
2025-04-08 12:00,2.38,2.18
2025-04-08 10:15,2.42,2.1375
2025-04-08 10:30,2.46,2.095
2025-04-08 10:45,2.5,2.0525
2025-04-08 13:00,2.54,2.01
2025-04-08 11:15,2.495,1.92
2025-04-08 11:30,2.45,1.83
2025-04-08 11:45,2.405,1.74
2025-04-08 14:00,2.36,1.65
2025-04-08 12:15,2.26,1.65
2025-04-08 12:30,2.16,1.65
2025-04-08 12:45,2.06,1.65
2025-04-08 15:00,1.96,1.65
2025-04-08 13:15,1.865,1.5875
2025-04-08 13:30,1.77,1.525
2025-04-08 13:45,1.675,1.4625
2025-04-08 16:00,1.58,1.4
2025-04-08 14:15,1.5425,1.3825
2025-04-08 14:30,1.505,1.365
2025-04-08 14:45,1.4675,1.3475
2025-04-08 17:00,1.43,1.33
2025-04-08 15:15,1.2975,1.315
2025-04-08 15:30,1.165,1.3
2025-04-08 15:45,1.0325,1.285
2025-04-08 18:00,0.9,1.27
2025-04-08 16:15,0.83,1.21
2025-04-08 16:30,0.76,1.15
2025-04-08 16:45,0.69,1.09
2025-04-08 19:00,0.62,1.03
2025-04-08 17:15,0.5275,0.9525
2025-04-08 17:30,0.435,0.875
2025-04-08 17:45,0.3425,0.7975
2025-04-08 20:00,0.25,0.72
2025-04-08 18:15,0.1975,0.7025
2025-04-08 18:30,0.145,0.685
2025-04-08 18:45,0.0925,0.6675
2025-04-08 21:00,0.04,0.65
2025-04-08 19:15,0.03,0.6525
2025-04-08 19:30,0.02,0.655
2025-04-08 19:45,0.01,0.6575
2025-04-08 22:00,0,0.66
2025-04-08 20:15,0,0.6175
2025-04-08 20:30,0,0.575
2025-04-08 20:45,0,0.5325
2025-04-08 23:00,0,0.49
2025-04-08 21:15,0,0.4925
2025-04-08 21:30,0,0.495
2025-04-08 21:45,0,0.4975
2025-04-09 00:00,0,0.5
2025-04-08 22:15,0,0.48
2025-04-08 22:30,0,0.46
2025-04-08 22:45,0,0.44
2025-04-09 01:00,0,0.42
2025-04-08 23:15,0,0.41
2025-04-08 23:30,0,0.4
2025-04-08 23:45,0,0.39
2025-04-09 02:00,0,0.38
2025-04-09 00:15,0.0125,0.375
2025-04-09 00:30,0.025,0.37
2025-04-09 00:45,0.0375,0.365
2025-04-09 03:00,0.05,0.36
2025-04-09 01:15,0.0775,0.405
2025-04-09 01:30,0.105,0.45
2025-04-09 01:45,0.1325,0.495
2025-04-09 04:00,0.16,0.54
2025-04-09 02:15,0.25,0.585
2025-04-09 02:30,0.34,0.63
2025-04-09 02:45,0.43,0.675
2025-04-09 05:00,0.52,0.72
2025-04-09 03:15,0.625,0.795
2025-04-09 03:30,0.73,0.87
2025-04-09 03:45,0.835,0.945
2025-04-09 06:00,0.94,1.02
2025-04-09 04:15,1.0025,1.0825
2025-04-09 04:30,1.065,1.145
2025-04-09 04:45,1.1275,1.2075
2025-04-09 07:00,1.19,1.27
2025-04-09 05:15,1.265,1.3225
2025-04-09 05:30,1.34,1.375
2025-04-09 05:45,1.415,1.4275
2025-04-09 08:00,1.49,1.48
2025-04-09 06:15,1.56,1.535
2025-04-09 06:30,1.63,1.59
2025-04-09 06:45,1.7,1.645
2025-04-09 09:00,1.77,1.7
2025-04-09 07:15,1.9025,1.73
2025-04-09 07:30,2.035,1.76
2025-04-09 07:45,2.1675,1.79
2025-04-09 10:00,2.3,1.82
2025-04-09 08:15,2.385,1.8375
2025-04-09 08:30,2.47,1.855
2025-04-09 08:45,2.555,1.8725
2025-04-09 11:00,2.64,1.89
2025-04-09 09:15,2.6525,1.98
2025-04-09 09:30,2.665,2.07
2025-04-09 09:45,2.6775,2.16
2025-04-09 12:00,2.69,2.25
2025-04-09 10:15,2.5825,2.14
2025-04-09 10:30,2.475,2.03
2025-04-09 10:45,2.3675,1.92
2025-04-09 13:00,2.26,1.81
2025-04-09 11:15,2.1825,1.7975
2025-04-09 11:30,2.105,1.785
2025-04-09 11:45,2.0275,1.7725
2025-04-09 14:00,1.95,1.76
2025-04-09 12:15,1.95,1.7775
2025-04-09 12:30,1.95,1.795
2025-04-09 12:45,1.95,1.8125
2025-04-09 15:00,1.95,1.83
2025-04-09 13:15,1.87,1.73
2025-04-09 13:30,1.79,1.63
2025-04-09 13:45,1.71,1.53
2025-04-09 16:00,1.63,1.43
2025-04-09 14:15,1.5775,1.37
2025-04-09 14:30,1.525,1.31
2025-04-09 14:45,1.4725,1.25
2025-04-09 17:00,1.42,1.19
2025-04-09 15:15,1.2875,1.165
2025-04-09 15:30,1.155,1.14
2025-04-09 15:45,1.0225,1.115
2025-04-09 18:00,0.89,1.09
2025-04-09 16:15,0.81,1.0425
2025-04-09 16:30,0.73,0.995
2025-04-09 16:45,0.65,0.9475
2025-04-09 19:00,0.57,0.9
2025-04-09 17:15,0.485,0.8575
2025-04-09 17:30,0.4,0.815
2025-04-09 17:45,0.315,0.7725
2025-04-09 20:00,0.23,0.73
2025-04-09 18:15,0.185,0.7325
2025-04-09 18:30,0.14,0.735
2025-04-09 18:45,0.095,0.7375
2025-04-09 21:00,0.05,0.74
2025-04-09 19:15,0.0375,0.71
2025-04-09 19:30,0.025,0.68
2025-04-09 19:45,0.0125,0.65
2025-04-09 22:00,0,0.62
2025-04-09 20:15,0,0.59
2025-04-09 20:30,0,0.56
2025-04-09 20:45,0,0.53
2025-04-09 23:00,0,0.5
2025-04-09 21:15,0,0.51
2025-04-09 21:30,0,0.52
2025-04-09 21:45,0,0.53
2025-04-10 00:00,0,0.54
2025-04-09 22:15,0,0.4975
2025-04-09 22:30,0,0.455
2025-04-09 22:45,0,0.4125
2025-04-10 01:00,0,0.37
2025-04-09 23:15,0,0.385
2025-04-09 23:30,0,0.4
2025-04-09 23:45,0,0.415
2025-04-10 02:00,0,0.43
2025-04-10 00:15,0.0125,0.4125
2025-04-10 00:30,0.025,0.395
2025-04-10 00:45,0.0375,0.3775
2025-04-10 03:00,0.05,0.36
2025-04-10 01:15,0.075,0.3925
2025-04-10 01:30,0.1,0.425
2025-04-10 01:45,0.125,0.4575
2025-04-10 04:00,0.15,0.49
2025-04-10 02:15,0.2325,0.555
2025-04-10 02:30,0.315,0.62
2025-04-10 02:45,0.3975,0.685
2025-04-10 05:00,0.48,0.75
2025-04-10 03:15,0.58,0.79
2025-04-10 03:30,0.68,0.83
2025-04-10 03:45,0.78,0.87
2025-04-10 06:00,0.88,0.91
2025-04-10 04:15,0.9625,0.9725
2025-04-10 04:30,1.045,1.035
2025-04-10 04:45,1.1275,1.0975
2025-04-10 07:00,1.21,1.16
2025-04-10 05:15,1.3,1.2775
2025-04-10 05:30,1.39,1.395
2025-04-10 05:45,1.48,1.5125
2025-04-10 08:00,1.57,1.63
2025-04-10 06:15,1.6825,1.6525
2025-04-10 06:30,1.795,1.675
2025-04-10 06:45,1.9075,1.6975
2025-04-10 09:00,2.02,1.72
2025-04-10 07:15,2.0075,1.7825
2025-04-10 07:30,1.995,1.845
2025-04-10 07:45,1.9825,1.9075
2025-04-10 10:00,1.97,1.97
2025-04-10 08:15,2.02,1.9425
2025-04-10 08:30,2.07,1.915
2025-04-10 08:45,2.12,1.8875
2025-04-10 11:00,2.17,1.86
2025-04-10 09:15,2.2175,1.9725
2025-04-10 09:30,2.265,2.085
2025-04-10 09:45,2.3125,2.1975
2025-04-10 12:00,2.36,2.31
2025-04-10 10:15,2.3725,2.25
2025-04-10 10:30,2.385,2.19
2025-04-10 10:45,2.3975,2.13
2025-04-10 13:00,2.41,2.07
2025-04-10 11:15,2.345,1.97
2025-04-10 11:30,2.28,1.87
2025-04-10 11:45,2.215,1.77
2025-04-10 14:00,2.15,1.67
2025-04-10 12:15,2.125,1.6925
2025-04-10 12:30,2.1,1.715
2025-04-10 12:45,2.075,1.7375
2025-04-10 15:00,2.05,1.76
2025-04-10 13:15,1.9375,1.7025
2025-04-10 13:30,1.825,1.645
2025-04-10 13:45,1.7125,1.5875
2025-04-10 16:00,1.6,1.53
2025-04-10 14:15,1.5225,1.4425
2025-04-10 14:30,1.445,1.355
2025-04-10 14:45,1.3675,1.2675
2025-04-10 17:00,1.29,1.18
2025-04-10 15:15,1.2,1.21
2025-04-10 15:30,1.11,1.24
2025-04-10 15:45,1.02,1.27
2025-04-10 18:00,0.93,1.3
2025-04-10 16:15,0.85,1.2125
2025-04-10 16:30,0.77,1.125
2025-04-10 16:45,0.69,1.0375
2025-04-10 19:00,0.61,0.95
2025-04-10 17:15,0.5125,0.9175
2025-04-10 17:30,0.415,0.885
2025-04-10 17:45,0.3175,0.8525
2025-04-10 20:00,0.22,0.82
2025-04-10 18:15,0.1775,0.8
2025-04-10 18:30,0.135,0.78
2025-04-10 18:45,0.0925,0.76
2025-04-10 21:00,0.05,0.74
2025-04-10 19:15,0.0375,0.69
2025-04-10 19:30,0.025,0.64
2025-04-10 19:45,0.0125,0.59
2025-04-10 22:00,0,0.54
2025-04-10 20:15,0,0.5275
2025-04-10 20:30,0,0.515
2025-04-10 20:45,0,0.5025
2025-04-10 23:00,0,0.49
2025-04-10 21:15,0,0.495
2025-04-10 21:30,0,0.5
2025-04-10 21:45,0,0.505
2025-04-11 00:00,0,0.51
2025-04-10 22:15,0,0.49
2025-04-10 22:30,0,0.47
2025-04-10 22:45,0,0.45
2025-04-11 01:00,0,0.43
2025-04-10 23:15,0,0.4225
2025-04-10 23:30,0,0.415
2025-04-10 23:45,0,0.4075
2025-04-11 02:00,0,0.4
2025-04-11 00:15,0.0125,0.4075
2025-04-11 00:30,0.025,0.415
2025-04-11 00:45,0.0375,0.4225
2025-04-11 03:00,0.05,0.43
2025-04-11 01:15,0.07,0.445
2025-04-11 01:30,0.09,0.46
2025-04-11 01:45,0.11,0.475
2025-04-11 04:00,0.13,0.49
2025-04-11 02:15,0.225,0.5475
2025-04-11 02:30,0.32,0.605
2025-04-11 02:45,0.415,0.6625
2025-04-11 05:00,0.51,0.72
2025-04-11 03:15,0.5825,0.7725
2025-04-11 03:30,0.655,0.825
2025-04-11 03:45,0.7275,0.8775
2025-04-11 06:00,0.8,0.93
2025-04-11 04:15,0.895,0.9975
2025-04-11 04:30,0.99,1.065
2025-04-11 04:45,1.085,1.1325
2025-04-11 07:00,1.18,1.2
2025-04-11 05:15,1.2725,1.2825
2025-04-11 05:30,1.365,1.365
2025-04-11 05:45,1.4575,1.4475
2025-04-11 08:00,1.55,1.53
2025-04-11 06:15,1.6525,1.5325
2025-04-11 06:30,1.755,1.535
2025-04-11 06:45,1.8575,1.5375
2025-04-11 09:00,1.96,1.54
2025-04-11 07:15,1.9575,1.5925
2025-04-11 07:30,1.955,1.645
2025-04-11 07:45,1.9525,1.6975
2025-04-11 10:00,1.95,1.75
2025-04-11 08:15,2.04,1.7725
2025-04-11 08:30,2.13,1.795
2025-04-11 08:45,2.22,1.8175
2025-04-11 11:00,2.31,1.84
2025-04-11 09:15,2.3575,1.97
2025-04-11 09:30,2.405,2.1
2025-04-11 09:45,2.4525,2.23
2025-04-11 12:00,2.5,2.36
2025-04-11 10:15,2.4225,2.2975
2025-04-11 10:30,2.345,2.235
2025-04-11 10:45,2.2675,2.1725
2025-04-11 13:00,2.19,2.11
2025-04-11 11:15,2.2,2.035
2025-04-11 11:30,2.21,1.96
2025-04-11 11:45,2.22,1.885
2025-04-11 14:00,2.23,1.81
2025-04-11 12:15,2.195,1.7475
2025-04-11 12:30,2.16,1.685
2025-04-11 12:45,2.125,1.6225
2025-04-11 15:00,2.09,1.56
2025-04-11 13:15,2.0025,1.5725
2025-04-11 13:30,1.915,1.585
2025-04-11 13:45,1.8275,1.5975
2025-04-11 16:00,1.74,1.61
2025-04-11 14:15,1.6375,1.5
2025-04-11 14:30,1.535,1.39
2025-04-11 14:45,1.4325,1.28
2025-04-11 17:00,1.33,1.17
2025-04-11 15:15,1.2475,1.1975
2025-04-11 15:30,1.165,1.225
2025-04-11 15:45,1.0825,1.2525
2025-04-11 18:00,1,1.28
2025-04-11 16:15,0.8975,1.23
2025-04-11 16:30,0.795,1.18
2025-04-11 16:45,0.6925,1.13
2025-04-11 19:00,0.59,1.08
2025-04-11 17:15,0.5025,1.02
2025-04-11 17:30,0.415,0.96
2025-04-11 17:45,0.3275,0.9
2025-04-11 20:00,0.24,0.84
2025-04-11 18:15,0.1925,0.79
2025-04-11 18:30,0.145,0.74
2025-04-11 18:45,0.0975,0.69
2025-04-11 21:00,0.05,0.64
2025-04-11 19:15,0.0375,0.63
2025-04-11 19:30,0.025,0.62
2025-04-11 19:45,0.0125,0.61
2025-04-11 22:00,0,0.6
2025-04-11 20:15,0,0.5725
2025-04-11 20:30,0,0.545
2025-04-11 20:45,0,0.5175
2025-04-11 23:00,0,0.49
2025-04-11 21:15,0,0.5025
2025-04-11 21:30,0,0.515
2025-04-11 21:45,0,0.5275
2025-04-12 00:00,0,0.54
2025-04-11 22:15,0,0.5
2025-04-11 22:30,0,0.46
2025-04-11 22:45,0,0.42
2025-04-12 01:00,0,0.38
2025-04-11 23:15,0,0.38
2025-04-11 23:30,0,0.38
2025-04-11 23:45,0,0.38
2025-04-12 02:00,0,0.38
2025-04-12 00:15,0.0125,0.39
2025-04-12 00:30,0.025,0.4
2025-04-12 00:45,0.0375,0.41
2025-04-12 03:00,0.05,0.42
2025-04-12 01:15,0.07,0.445
2025-04-12 01:30,0.09,0.47
2025-04-12 01:45,0.11,0.495
2025-04-12 04:00,0.13,0.52
2025-04-12 02:15,0.205,0.5725
2025-04-12 02:30,0.28,0.625
2025-04-12 02:45,0.355,0.6775
2025-04-12 05:00,0.43,0.73
2025-04-12 03:15,0.56,0.815
2025-04-12 03:30,0.69,0.9
2025-04-12 03:45,0.82,0.985
2025-04-12 06:00,0.95,1.07
2025-04-12 04:15,0.9975,1.0725
2025-04-12 04:30,1.045,1.075
2025-04-12 04:45,1.0925,1.0775
2025-04-12 07:00,1.14,1.08
2025-04-12 05:15,1.265,1.195
2025-04-12 05:30,1.39,1.31
2025-04-12 05:45,1.515,1.425
2025-04-12 08:00,1.64,1.54
2025-04-12 06:15,1.7175,1.58
2025-04-12 06:30,1.795,1.62
2025-04-12 06:45,1.8725,1.66
2025-04-12 09:00,1.95,1.7
2025-04-12 07:15,2.0125,1.755
2025-04-12 07:30,2.075,1.81
2025-04-12 07:45,2.1375,1.865
2025-04-12 10:00,2.2,1.92
2025-04-12 08:15,2.2125,1.9175
2025-04-12 08:30,2.225,1.915
2025-04-12 08:45,2.2375,1.9125
2025-04-12 11:00,2.25,1.91
2025-04-12 09:15,2.3725,1.9925
2025-04-12 09:30,2.495,2.075
2025-04-12 09:45,2.6175,2.1575
2025-04-12 12:00,2.74,2.24
2025-04-12 10:15,2.7075,2.2
2025-04-12 10:30,2.675,2.16
2025-04-12 10:45,2.6425,2.12
2025-04-12 13:00,2.61,2.08
2025-04-12 11:15,2.5475,2.0025
2025-04-12 11:30,2.485,1.925
2025-04-12 11:45,2.4225,1.8475
2025-04-12 14:00,2.36,1.77
2025-04-12 12:15,2.245,1.775
2025-04-12 12:30,2.13,1.78
2025-04-12 12:45,2.015,1.785
2025-04-12 15:00,1.9,1.79
2025-04-12 13:15,1.88,1.7
2025-04-12 13:30,1.86,1.61
2025-04-12 13:45,1.84,1.52
2025-04-12 16:00,1.82,1.43
2025-04-12 14:15,1.7325,1.4175
2025-04-12 14:30,1.645,1.405
2025-04-12 14:45,1.5575,1.3925
2025-04-12 17:00,1.47,1.38
2025-04-12 15:15,1.335,1.345
2025-04-12 15:30,1.2,1.31
2025-04-12 15:45,1.065,1.275
2025-04-12 18:00,0.93,1.24
2025-04-12 16:15,0.8375,1.2
2025-04-12 16:30,0.745,1.16
2025-04-12 16:45,0.6525,1.12
2025-04-12 19:00,0.56,1.08
2025-04-12 17:15,0.475,1.005
2025-04-12 17:30,0.39,0.93
2025-04-12 17:45,0.305,0.855
2025-04-12 20:00,0.22,0.78
2025-04-12 18:15,0.175,0.7575
2025-04-12 18:30,0.13,0.735
2025-04-12 18:45,0.085,0.7125
2025-04-12 21:00,0.04,0.69
2025-04-12 19:15,0.03,0.68
2025-04-12 19:30,0.02,0.67
2025-04-12 19:45,0.01,0.66
2025-04-12 22:00,0,0.65
2025-04-12 20:15,0,0.6075
2025-04-12 20:30,0,0.565
2025-04-12 20:45,0,0.5225
2025-04-12 23:00,0,0.48
2025-04-12 21:15,0,0.4925
2025-04-12 21:30,0,0.505
2025-04-12 21:45,0,0.5175
2025-04-13 00:00,0,0.53
2025-04-12 22:15,0,0.5
2025-04-12 22:30,0,0.47
2025-04-12 22:45,0,0.44
2025-04-13 01:00,0,0.41
2025-04-12 23:15,0,0.4075
2025-04-12 23:30,0,0.405
2025-04-12 23:45,0,0.4025
2025-04-13 02:00,0,0.4
2025-04-13 00:15,0.01,0.4075
2025-04-13 00:30,0.02,0.415
2025-04-13 00:45,0.03,0.4225
2025-04-13 03:00,0.04,0.43
2025-04-13 01:15,0.0675,0.4425
2025-04-13 01:30,0.095,0.455
2025-04-13 01:45,0.1225,0.4675
2025-04-13 04:00,0.15,0.48
2025-04-13 02:15,0.2375,0.5325
2025-04-13 02:30,0.325,0.585
2025-04-13 02:45,0.4125,0.6375
2025-04-13 05:00,0.5,0.69
2025-04-13 03:15,0.5775,0.755
2025-04-13 03:30,0.655,0.82
2025-04-13 03:45,0.7325,0.885
2025-04-13 06:00,0.81,0.95
2025-04-13 04:15,0.8775,1.025
2025-04-13 04:30,0.945,1.1
2025-04-13 04:45,1.0125,1.175
2025-04-13 07:00,1.08,1.25
2025-04-13 05:15,1.18,1.31
2025-04-13 05:30,1.28,1.37
2025-04-13 05:45,1.38,1.43
2025-04-13 08:00,1.48,1.49
2025-04-13 06:15,1.5975,1.5
2025-04-13 06:30,1.715,1.51
2025-04-13 06:45,1.8325,1.52
2025-04-13 09:00,1.95,1.53
2025-04-13 07:15,2.055,1.5875
2025-04-13 07:30,2.16,1.645
2025-04-13 07:45,2.265,1.7025
2025-04-13 10:00,2.37,1.76
2025-04-13 08:15,2.3525,1.7925
2025-04-13 08:30,2.335,1.825
2025-04-13 08:45,2.3175,1.8575
2025-04-13 11:00,2.3,1.89
2025-04-13 09:15,2.41,1.99
2025-04-13 09:30,2.52,2.09
2025-04-13 09:45,2.63,2.19
2025-04-13 12:00,2.74,2.29
2025-04-13 10:15,2.69,2.23
2025-04-13 10:30,2.64,2.17
2025-04-13 10:45,2.59,2.11
2025-04-13 13:00,2.54,2.05
2025-04-13 11:15,2.4375,2.0275
2025-04-13 11:30,2.335,2.005
2025-04-13 11:45,2.2325,1.9825
2025-04-13 14:00,2.13,1.96
2025-04-13 12:15,2.08,1.9125
2025-04-13 12:30,2.03,1.865
2025-04-13 12:45,1.98,1.8175
2025-04-13 15:00,1.93,1.77
2025-04-13 13:15,1.8775,1.735
2025-04-13 13:30,1.825,1.7
2025-04-13 13:45,1.7725,1.665
2025-04-13 16:00,1.72,1.63
2025-04-13 14:15,1.595,1.5225
2025-04-13 14:30,1.47,1.415
2025-04-13 14:45,1.345,1.3075
2025-04-13 17:00,1.22,1.2
2025-04-13 15:15,1.1775,1.185
2025-04-13 15:30,1.135,1.17
2025-04-13 15:45,1.0925,1.155
2025-04-13 18:00,1.05,1.14
2025-04-13 16:15,0.9425,1.09
2025-04-13 16:30,0.835,1.04
2025-04-13 16:45,0.7275,0.99
2025-04-13 19:00,0.62,0.94
2025-04-13 17:15,0.5225,0.8975
2025-04-13 17:30,0.425,0.855
2025-04-13 17:45,0.3275,0.8125
2025-04-13 20:00,0.23,0.77
2025-04-13 18:15,0.185,0.7675
2025-04-13 18:30,0.14,0.765
2025-04-13 18:45,0.095,0.7625
2025-04-13 21:00,0.05,0.76
2025-04-13 19:15,0.0375,0.7175
2025-04-13 19:30,0.025,0.675
2025-04-13 19:45,0.0125,0.6325
2025-04-13 22:00,0,0.59
2025-04-13 20:15,0,0.5725
2025-04-13 20:30,0,0.555
2025-04-13 20:45,0,0.5375
2025-04-13 23:00,0,0.52
2025-04-13 21:15,0,0.5175
2025-04-13 21:30,0,0.515
2025-04-13 21:45,0,0.5125
2025-04-14 00:00,0,0.51
2025-04-13 22:15,0,0.48
2025-04-13 22:30,0,0.45
2025-04-13 22:45,0,0.42
2025-04-14 01:00,0,0.39
2025-04-13 23:15,0,0.3925
2025-04-13 23:30,0,0.395
2025-04-13 23:45,0,0.3975
2025-04-14 02:00,0,0.4
2025-04-14 00:15,0.0125,0.3975
2025-04-14 00:30,0.025,0.395
2025-04-14 00:45,0.0375,0.3925
2025-04-14 03:00,0.05,0.39
2025-04-14 01:15,0.0725,0.41
2025-04-14 01:30,0.095,0.43
2025-04-14 01:45,0.1175,0.45
2025-04-14 04:00,0.14,0.47
2025-04-14 02:15,0.2275,0.5275
2025-04-14 02:30,0.315,0.585
2025-04-14 02:45,0.4025,0.6425
2025-04-14 05:00,0.49,0.7
2025-04-14 03:15,0.57,0.7775
2025-04-14 03:30,0.65,0.855
2025-04-14 03:45,0.73,0.9325
2025-04-14 06:00,0.81,1.01
2025-04-14 04:15,0.89,1.04
2025-04-14 04:30,0.97,1.07
2025-04-14 04:45,1.05,1.1
2025-04-14 07:00,1.13,1.13
2025-04-14 05:15,1.27,1.255
2025-04-14 05:30,1.41,1.38
2025-04-14 05:45,1.55,1.505
2025-04-14 08:00,1.69,1.63
2025-04-14 06:15,1.77,1.63
2025-04-14 06:30,1.85,1.63
2025-04-14 06:45,1.93,1.63
2025-04-14 09:00,2.01,1.63
2025-04-14 07:15,2.035,1.6725
2025-04-14 07:30,2.06,1.715
2025-04-14 07:45,2.085,1.7575
2025-04-14 10:00,2.11,1.8
2025-04-14 08:15,2.1875,1.895
2025-04-14 08:30,2.265,1.99
2025-04-14 08:45,2.3425,2.085
2025-04-14 11:00,2.42,2.18
2025-04-14 09:15,2.39,2.135
2025-04-14 09:30,2.36,2.09
2025-04-14 09:45,2.33,2.045
2025-04-14 12:00,2.3,2
2025-04-14 10:15,2.3325,2.005
2025-04-14 10:30,2.365,2.01
2025-04-14 10:45,2.3975,2.015
2025-04-14 13:00,2.43,2.02
2025-04-14 11:15,2.3875,1.9725
2025-04-14 11:30,2.345,1.925
2025-04-14 11:45,2.3025,1.8775
2025-04-14 14:00,2.26,1.83
2025-04-14 12:15,2.13,1.82
2025-04-14 12:30,2,1.81
2025-04-14 12:45,1.87,1.8
2025-04-14 15:00,1.74,1.79
2025-04-14 13:15,1.7125,1.725
2025-04-14 13:30,1.685,1.66
2025-04-14 13:45,1.6575,1.595
2025-04-14 16:00,1.63,1.53
2025-04-14 14:15,1.565,1.4575
2025-04-14 14:30,1.5,1.385
2025-04-14 14:45,1.435,1.3125
2025-04-14 17:00,1.37,1.24
2025-04-14 15:15,1.26,1.26
2025-04-14 15:30,1.15,1.28
2025-04-14 15:45,1.04,1.3
2025-04-14 18:00,0.93,1.32
2025-04-14 16:15,0.8425,1.2575
2025-04-14 16:30,0.755,1.195
2025-04-14 16:45,0.6675,1.1325
2025-04-14 19:00,0.58,1.07
2025-04-14 17:15,0.49,0.9825
2025-04-14 17:30,0.4,0.895
2025-04-14 17:45,0.31,0.8075
2025-04-14 20:00,0.22,0.72
2025-04-14 18:15,0.1775,0.7175
2025-04-14 18:30,0.135,0.715
2025-04-14 18:45,0.0925,0.7125
2025-04-14 21:00,0.05,0.71
2025-04-14 19:15,0.0375,0.69
2025-04-14 19:30,0.025,0.67
2025-04-14 19:45,0.0125,0.65
2025-04-14 22:00,0,0.63
2025-04-14 20:15,0,0.5875
2025-04-14 20:30,0,0.545
2025-04-14 20:45,0,0.5025
2025-04-14 23:00,0,0.46
2025-04-14 21:15,0,0.48
2025-04-14 21:30,0,0.5
2025-04-14 21:45,0,0.52
2025-04-15 00:00,0,0.54
2025-04-14 22:15,0,0.505
2025-04-14 22:30,0,0.47
2025-04-14 22:45,0,0.435
2025-04-15 01:00,0,0.4
2025-04-14 23:15,0,0.4
2025-04-14 23:30,0,0.4
2025-04-14 23:45,0,0.4
2025-04-15 02:00,0,0.4
2025-04-15 00:15,0.0125,0.39
2025-04-15 00:30,0.025,0.38
2025-04-15 00:45,0.0375,0.37
2025-04-15 03:00,0.05,0.36
2025-04-15 01:15,0.075,0.3975
2025-04-15 01:30,0.1,0.435
2025-04-15 01:45,0.125,0.4725
2025-04-15 04:00,0.15,0.51
2025-04-15 02:15,0.2325,0.5625
2025-04-15 02:30,0.315,0.615
2025-04-15 02:45,0.3975,0.6675
2025-04-15 05:00,0.48,0.72
2025-04-15 03:15,0.57,0.77
2025-04-15 03:30,0.66,0.82
2025-04-15 03:45,0.75,0.87
2025-04-15 06:00,0.84,0.92
2025-04-15 04:15,0.925,0.9975
2025-04-15 04:30,1.01,1.075
2025-04-15 04:45,1.095,1.1525
2025-04-15 07:00,1.18,1.23
2025-04-15 05:15,1.3025,1.265
2025-04-15 05:30,1.425,1.3
2025-04-15 05:45,1.5475,1.335
2025-04-15 08:00,1.67,1.37
2025-04-15 06:15,1.7675,1.4325
2025-04-15 06:30,1.865,1.495
2025-04-15 06:45,1.9625,1.5575
2025-04-15 09:00,2.06,1.62
2025-04-15 07:15,2.1325,1.66
2025-04-15 07:30,2.205,1.7
2025-04-15 07:45,2.2775,1.74
2025-04-15 10:00,2.35,1.78
2025-04-15 08:15,2.385,1.8225
2025-04-15 08:30,2.42,1.865
2025-04-15 08:45,2.455,1.9075
2025-04-15 11:00,2.49,1.95
2025-04-15 09:15,2.52,1.97
2025-04-15 09:30,2.55,1.99
2025-04-15 09:45,2.58,2.01
2025-04-15 12:00,2.61,2.03
2025-04-15 10:15,2.5325,2.035
2025-04-15 10:30,2.455,2.04
2025-04-15 10:45,2.3775,2.045
2025-04-15 13:00,2.3,2.05
2025-04-15 11:15,2.3175,1.9875
2025-04-15 11:30,2.335,1.925
2025-04-15 11:45,2.3525,1.8625
2025-04-15 14:00,2.37,1.8
2025-04-15 12:15,2.2325,1.7625
2025-04-15 12:30,2.095,1.725
2025-04-15 12:45,1.9575,1.6875
2025-04-15 15:00,1.82,1.65
2025-04-15 13:15,1.805,1.6425
2025-04-15 13:30,1.79,1.635
2025-04-15 13:45,1.775,1.6275
2025-04-15 16:00,1.76,1.62
2025-04-15 14:15,1.685,1.57
2025-04-15 14:30,1.61,1.52
2025-04-15 14:45,1.535,1.47
2025-04-15 17:00,1.46,1.42
2025-04-15 15:15,1.34,1.36
2025-04-15 15:30,1.22,1.3
2025-04-15 15:45,1.1,1.24
2025-04-15 18:00,0.98,1.18
2025-04-15 16:15,0.8925,1.1525
2025-04-15 16:30,0.805,1.125
2025-04-15 16:45,0.7175,1.0975
2025-04-15 19:00,0.63,1.07
2025-04-15 17:15,0.5325,1
2025-04-15 17:30,0.435,0.93
2025-04-15 17:45,0.3375,0.86
2025-04-15 20:00,0.24,0.79
2025-04-15 18:15,0.1925,0.775
2025-04-15 18:30,0.145,0.76
2025-04-15 18:45,0.0975,0.745
2025-04-15 21:00,0.05,0.73
2025-04-15 19:15,0.0375,0.705
2025-04-15 19:30,0.025,0.68
2025-04-15 19:45,0.0125,0.655
2025-04-15 22:00,0,0.63
2025-04-15 20:15,0,0.5975
2025-04-15 20:30,0,0.565
2025-04-15 20:45,0,0.5325
2025-04-15 23:00,0,0.5
2025-04-15 21:15,0,0.495
2025-04-15 21:30,0,0.49
2025-04-15 21:45,0,0.485
2025-04-16 00:00,0,0.48
2025-04-15 22:15,0,0.455
2025-04-15 22:30,0,0.43
2025-04-15 22:45,0,0.405
2025-04-16 01:00,0,0.38
2025-04-15 23:15,0,0.385
2025-04-15 23:30,0,0.39
2025-04-15 23:45,0,0.395
2025-04-16 02:00,0,0.4
2025-04-16 00:15,0.0125,0.39
2025-04-16 00:30,0.025,0.38
2025-04-16 00:45,0.0375,0.37
2025-04-16 03:00,0.05,0.36
2025-04-16 01:15,0.075,0.395
2025-04-16 01:30,0.1,0.43
2025-04-16 01:45,0.125,0.465
2025-04-16 04:00,0.15,0.5
2025-04-16 02:15,0.2425,0.5675
2025-04-16 02:30,0.335,0.635
2025-04-16 02:45,0.4275,0.7025
2025-04-16 05:00,0.52,0.77
2025-04-16 03:15,0.59,0.815
2025-04-16 03:30,0.66,0.86
2025-04-16 03:45,0.73,0.905
2025-04-16 06:00,0.8,0.95
2025-04-16 04:15,0.9,1.0075
2025-04-16 04:30,1,1.065
2025-04-16 04:45,1.1,1.1225
2025-04-16 07:00,1.2,1.18
2025-04-16 05:15,1.3,1.285
2025-04-16 05:30,1.4,1.39
2025-04-16 05:45,1.5,1.495
2025-04-16 08:00,1.6,1.6
2025-04-16 06:15,1.715,1.595
2025-04-16 06:30,1.83,1.59
2025-04-16 06:45,1.945,1.585
2025-04-16 09:00,2.06,1.58
2025-04-16 07:15,2.0725,1.6225
2025-04-16 07:30,2.085,1.665
2025-04-16 07:45,2.0975,1.7075
2025-04-16 10:00,2.11,1.75
2025-04-16 08:15,2.2075,1.85
2025-04-16 08:30,2.305,1.95
2025-04-16 08:45,2.4025,2.05
2025-04-16 11:00,2.5,2.15
2025-04-16 09:15,2.545,2.1875
2025-04-16 09:30,2.59,2.225
2025-04-16 09:45,2.635,2.2625
2025-04-16 12:00,2.68,2.3
2025-04-16 10:15,2.575,2.2525
2025-04-16 10:30,2.47,2.205
2025-04-16 10:45,2.365,2.1575
2025-04-16 13:00,2.26,2.11
2025-04-16 11:15,2.2475,2.0525
2025-04-16 11:30,2.235,1.995
2025-04-16 11:45,2.2225,1.9375
2025-04-16 14:00,2.21,1.88
2025-04-16 12:15,2.1325,1.86
2025-04-16 12:30,2.055,1.84
2025-04-16 12:45,1.9775,1.82
2025-04-16 15:00,1.9,1.8
2025-04-16 13:15,1.815,1.7475
2025-04-16 13:30,1.73,1.695
2025-04-16 13:45,1.645,1.6425
2025-04-16 16:00,1.56,1.59
2025-04-16 14:15,1.49,1.5125
2025-04-16 14:30,1.42,1.435
2025-04-16 14:45,1.35,1.3575
2025-04-16 17:00,1.28,1.28
2025-04-16 15:15,1.19,1.2475
2025-04-16 15:30,1.1,1.215
2025-04-16 15:45,1.01,1.1825
2025-04-16 18:00,0.92,1.15
2025-04-16 16:15,0.8325,1.12
2025-04-16 16:30,0.745,1.09
2025-04-16 16:45,0.6575,1.06
2025-04-16 19:00,0.57,1.03
2025-04-16 17:15,0.485,0.985
2025-04-16 17:30,0.4,0.94
2025-04-16 17:45,0.315,0.895
2025-04-16 20:00,0.23,0.85
2025-04-16 18:15,0.185,0.805
2025-04-16 18:30,0.14,0.76
2025-04-16 18:45,0.095,0.715
2025-04-16 21:00,0.05,0.67
2025-04-16 19:15,0.0375,0.66
2025-04-16 19:30,0.025,0.65
2025-04-16 19:45,0.0125,0.64
2025-04-16 22:00,0,0.63
2025-04-16 20:15,0,0.5925
2025-04-16 20:30,0,0.555
2025-04-16 20:45,0,0.5175
2025-04-16 23:00,0,0.48
2025-04-16 21:15,0,0.475
2025-04-16 21:30,0,0.47
2025-04-16 21:45,0,0.465
2025-04-17 00:00,0,0.46
2025-04-16 22:15,0,0.435
2025-04-16 22:30,0,0.41
2025-04-16 22:45,0,0.385
2025-04-17 01:00,0,0.36
2025-04-16 23:15,0,0.365
2025-04-16 23:30,0,0.37
2025-04-16 23:45,0,0.375
2025-04-17 02:00,0,0.38
2025-04-17 00:15,0.01,0.3925
2025-04-17 00:30,0.02,0.405
2025-04-17 00:45,0.03,0.4175
2025-04-17 03:00,0.04,0.43
2025-04-17 01:15,0.065,0.4475
2025-04-17 01:30,0.09,0.465
2025-04-17 01:45,0.115,0.4825
2025-04-17 04:00,0.14,0.5
2025-04-17 02:15,0.23,0.54
2025-04-17 02:30,0.32,0.58
2025-04-17 02:45,0.41,0.62
2025-04-17 05:00,0.5,0.66
2025-04-17 03:15,0.595,0.72
2025-04-17 03:30,0.69,0.78
2025-04-17 03:45,0.785,0.84
2025-04-17 06:00,0.88,0.9
2025-04-17 04:15,0.96,0.96
2025-04-17 04:30,1.04,1.02
2025-04-17 04:45,1.12,1.08
2025-04-17 07:00,1.2,1.14
2025-04-17 05:15,1.3175,1.265
2025-04-17 05:30,1.435,1.39
2025-04-17 05:45,1.5525,1.515
2025-04-17 08:00,1.67,1.64
2025-04-17 06:15,1.75,1.69
2025-04-17 06:30,1.83,1.74
2025-04-17 06:45,1.91,1.79
2025-04-17 09:00,1.99,1.84
2025-04-17 07:15,2.005,1.7975
2025-04-17 07:30,2.02,1.755
2025-04-17 07:45,2.035,1.7125
2025-04-17 10:00,2.05,1.67
2025-04-17 08:15,2.1025,1.7475
2025-04-17 08:30,2.155,1.825
2025-04-17 08:45,2.2075,1.9025
2025-04-17 11:00,2.26,1.98
2025-04-17 09:15,2.3675,2.005
2025-04-17 09:30,2.475,2.03
2025-04-17 09:45,2.5825,2.055
2025-04-17 12:00,2.69,2.08
2025-04-17 10:15,2.5675,2.0675
2025-04-17 10:30,2.445,2.055
2025-04-17 10:45,2.3225,2.0425
2025-04-17 13:00,2.2,2.03
2025-04-17 11:15,2.135,1.9725
2025-04-17 11:30,2.07,1.915
2025-04-17 11:45,2.005,1.8575
2025-04-17 14:00,1.94,1.8
2025-04-17 12:15,1.9,1.7975
2025-04-17 12:30,1.86,1.795
2025-04-17 12:45,1.82,1.7925
2025-04-17 15:00,1.78,1.79
2025-04-17 13:15,1.7175,1.6875
2025-04-17 13:30,1.655,1.585
2025-04-17 13:45,1.5925,1.4825
2025-04-17 16:00,1.53,1.38
2025-04-17 14:15,1.495,1.3275
2025-04-17 14:30,1.46,1.275
2025-04-17 14:45,1.425,1.2225
2025-04-17 17:00,1.39,1.17
2025-04-17 15:15,1.28,1.195
2025-04-17 15:30,1.17,1.22
2025-04-17 15:45,1.06,1.245
2025-04-17 18:00,0.95,1.27
2025-04-17 16:15,0.845,1.225
2025-04-17 16:30,0.74,1.18
2025-04-17 16:45,0.635,1.135
2025-04-17 19:00,0.53,1.09
2025-04-17 17:15,0.46,1.015
2025-04-17 17:30,0.39,0.94
2025-04-17 17:45,0.32,0.865
2025-04-17 20:00,0.25,0.79
2025-04-17 18:15,0.1975,0.765
2025-04-17 18:30,0.145,0.74
2025-04-17 18:45,0.0925,0.715
2025-04-17 21:00,0.04,0.69
2025-04-17 19:15,0.03,0.655
2025-04-17 19:30,0.02,0.62
2025-04-17 19:45,0.01,0.585
2025-04-17 22:00,0,0.55
2025-04-17 20:15,0,0.55
2025-04-17 20:30,0,0.55
2025-04-17 20:45,0,0.55
2025-04-17 23:00,0,0.55
2025-04-17 21:15,0,0.5425
2025-04-17 21:30,0,0.535
2025-04-17 21:45,0,0.5275
2025-04-18 00:00,0,0.52
2025-04-17 22:15,0,0.4975
2025-04-17 22:30,0,0.475
2025-04-17 22:45,0,0.4525
2025-04-18 01:00,0,0.43
2025-04-17 23:15,0,0.4175
2025-04-17 23:30,0,0.405
2025-04-17 23:45,0,0.3925
2025-04-18 02:00,0,0.38
2025-04-18 00:15,0.0125,0.375
2025-04-18 00:30,0.025,0.37
2025-04-18 00:45,0.0375,0.365
2025-04-18 03:00,0.05,0.36
2025-04-18 01:15,0.07,0.385
2025-04-18 01:30,0.09,0.41
2025-04-18 01:45,0.11,0.435
2025-04-18 04:00,0.13,0.46
2025-04-18 02:15,0.2175,0.52
2025-04-18 02:30,0.305,0.58
2025-04-18 02:45,0.3925,0.64
2025-04-18 05:00,0.48,0.7
2025-04-18 03:15,0.59,0.76
2025-04-18 03:30,0.7,0.82
2025-04-18 03:45,0.81,0.88
2025-04-18 06:00,0.92,0.94
2025-04-18 04:15,1.0025,0.985
2025-04-18 04:30,1.085,1.03
2025-04-18 04:45,1.1675,1.075
2025-04-18 07:00,1.25,1.12
2025-04-18 05:15,1.335,1.2175
2025-04-18 05:30,1.42,1.315
2025-04-18 05:45,1.505,1.4125
2025-04-18 08:00,1.59,1.51
2025-04-18 06:15,1.6525,1.565
2025-04-18 06:30,1.715,1.62
2025-04-18 06:45,1.7775,1.675
2025-04-18 09:00,1.84,1.73
2025-04-18 07:15,1.9425,1.7275
2025-04-18 07:30,2.045,1.725
2025-04-18 07:45,2.1475,1.7225
2025-04-18 10:00,2.25,1.72
2025-04-18 08:15,2.2975,1.825
2025-04-18 08:30,2.345,1.93
2025-04-18 08:45,2.3925,2.035
2025-04-18 11:00,2.44,2.14
2025-04-18 09:15,2.5075,2.1825
2025-04-18 09:30,2.575,2.225
2025-04-18 09:45,2.6425,2.2675
2025-04-18 12:00,2.71,2.31
2025-04-18 10:15,2.645,2.2075
2025-04-18 10:30,2.58,2.105
2025-04-18 10:45,2.515,2.0025
2025-04-18 13:00,2.45,1.9
2025-04-18 11:15,2.41,1.8775
2025-04-18 11:30,2.37,1.855
2025-04-18 11:45,2.33,1.8325
2025-04-18 14:00,2.29,1.81
2025-04-18 12:15,2.1525,1.8025
2025-04-18 12:30,2.015,1.795
2025-04-18 12:45,1.8775,1.7875
2025-04-18 15:00,1.74,1.78
2025-04-18 13:15,1.7225,1.675
2025-04-18 13:30,1.705,1.57
2025-04-18 13:45,1.6875,1.465
2025-04-18 16:00,1.67,1.36
2025-04-18 14:15,1.6175,1.365
2025-04-18 14:30,1.565,1.37
2025-04-18 14:45,1.5125,1.375
2025-04-18 17:00,1.46,1.38
2025-04-18 15:15,1.315,1.33
2025-04-18 15:30,1.17,1.28
2025-04-18 15:45,1.025,1.23
2025-04-18 18:00,0.88,1.18
2025-04-18 16:15,0.8075,1.135
2025-04-18 16:30,0.735,1.09
2025-04-18 16:45,0.6625,1.045
2025-04-18 19:00,0.59,1
2025-04-18 17:15,0.5025,0.96
2025-04-18 17:30,0.415,0.92
2025-04-18 17:45,0.3275,0.88
2025-04-18 20:00,0.24,0.84
2025-04-18 18:15,0.1925,0.795
2025-04-18 18:30,0.145,0.75
2025-04-18 18:45,0.0975,0.705
2025-04-18 21:00,0.05,0.66
2025-04-18 19:15,0.0375,0.6325
2025-04-18 19:30,0.025,0.605
2025-04-18 19:45,0.0125,0.5775
2025-04-18 22:00,0,0.55
2025-04-18 20:15,0,0.545
2025-04-18 20:30,0,0.54
2025-04-18 20:45,0,0.535
2025-04-18 23:00,0,0.53
2025-04-18 21:15,0,0.5175
2025-04-18 21:30,0,0.505
2025-04-18 21:45,0,0.4925
2025-04-19 00:00,0,0.48
2025-04-18 22:15,0,0.45
2025-04-18 22:30,0,0.42
2025-04-18 22:45,0,0.39
2025-04-19 01:00,0,0.36
2025-04-18 23:15,0,0.3625
2025-04-18 23:30,0,0.365
2025-04-18 23:45,0,0.3675
2025-04-19 02:00,0,0.37
2025-04-19 00:15,0.0125,0.37
2025-04-19 00:30,0.025,0.37
2025-04-19 00:45,0.0375,0.37
2025-04-19 03:00,0.05,0.37
2025-04-19 01:15,0.07,0.4025
2025-04-19 01:30,0.09,0.435
2025-04-19 01:45,0.11,0.4675
2025-04-19 04:00,0.13,0.5
2025-04-19 02:15,0.2275,0.5475
2025-04-19 02:30,0.325,0.595
2025-04-19 02:45,0.4225,0.6425
2025-04-19 05:00,0.52,0.69
2025-04-19 03:15,0.585,0.7575
2025-04-19 03:30,0.65,0.825
2025-04-19 03:45,0.715,0.8925
2025-04-19 06:00,0.78,0.96
2025-04-19 04:15,0.86,1.02
2025-04-19 04:30,0.94,1.08
2025-04-19 04:45,1.02,1.14
2025-04-19 07:00,1.1,1.2
2025-04-19 05:15,1.235,1.3025
2025-04-19 05:30,1.37,1.405
2025-04-19 05:45,1.505,1.5075
2025-04-19 08:00,1.64,1.61
2025-04-19 06:15,1.7525,1.6525
2025-04-19 06:30,1.865,1.695
2025-04-19 06:45,1.9775,1.7375
2025-04-19 09:00,2.09,1.78
2025-04-19 07:15,2.12,1.805
2025-04-19 07:30,2.15,1.83
2025-04-19 07:45,2.18,1.855
2025-04-19 10:00,2.21,1.88
2025-04-19 08:15,2.3175,1.93
2025-04-19 08:30,2.425,1.98
2025-04-19 08:45,2.5325,2.03
2025-04-19 11:00,2.64,2.08
2025-04-19 09:15,2.6175,2.0575
2025-04-19 09:30,2.595,2.035
2025-04-19 09:45,2.5725,2.0125
2025-04-19 12:00,2.55,1.99
2025-04-19 10:15,2.5525,1.9675
2025-04-19 10:30,2.555,1.945
2025-04-19 10:45,2.5575,1.9225
2025-04-19 13:00,2.56,1.9
2025-04-19 11:15,2.4875,1.83
2025-04-19 11:30,2.415,1.76
2025-04-19 11:45,2.3425,1.69
2025-04-19 14:00,2.27,1.62
2025-04-19 12:15,2.155,1.6775
2025-04-19 12:30,2.04,1.735
2025-04-19 12:45,1.925,1.7925
2025-04-19 15:00,1.81,1.85
2025-04-19 13:15,1.7475,1.775
2025-04-19 13:30,1.685,1.7
2025-04-19 13:45,1.6225,1.625
2025-04-19 16:00,1.56,1.55
2025-04-19 14:15,1.5125,1.475
2025-04-19 14:30,1.465,1.4
2025-04-19 14:45,1.4175,1.325
2025-04-19 17:00,1.37,1.25
2025-04-19 15:15,1.27,1.2375
2025-04-19 15:30,1.17,1.225
2025-04-19 15:45,1.07,1.2125
2025-04-19 18:00,0.97,1.2
2025-04-19 16:15,0.8825,1.14
2025-04-19 16:30,0.795,1.08
2025-04-19 16:45,0.7075,1.02
2025-04-19 19:00,0.62,0.96
2025-04-19 17:15,0.53,0.9175
2025-04-19 17:30,0.44,0.875
2025-04-19 17:45,0.35,0.8325
2025-04-19 20:00,0.26,0.79
2025-04-19 18:15,0.2075,0.77
2025-04-19 18:30,0.155,0.75
2025-04-19 18:45,0.1025,0.73
2025-04-19 21:00,0.05,0.71
2025-04-19 19:15,0.0375,0.6825
2025-04-19 19:30,0.025,0.655
2025-04-19 19:45,0.0125,0.6275
2025-04-19 22:00,0,0.6
2025-04-19 20:15,0,0.58
2025-04-19 20:30,0,0.56
2025-04-19 20:45,0,0.54
2025-04-19 23:00,0,0.52
2025-04-19 21:15,0,0.5075
2025-04-19 21:30,0,0.495
2025-04-19 21:45,0,0.4825
2025-04-20 00:00,0,0.47
2025-04-19 22:15,0,0.4625
2025-04-19 22:30,0,0.455
2025-04-19 22:45,0,0.4475
2025-04-20 01:00,0,0.44
2025-04-19 23:15,0,0.43
2025-04-19 23:30,0,0.42
2025-04-19 23:45,0,0.41
2025-04-20 02:00,0,0.4
2025-04-20 00:15,0.0125,0.4075
2025-04-20 00:30,0.025,0.415
2025-04-20 00:45,0.0375,0.4225
2025-04-20 03:00,0.05,0.43
2025-04-20 01:15,0.0725,0.4575
2025-04-20 01:30,0.095,0.485
2025-04-20 01:45,0.1175,0.5125
2025-04-20 04:00,0.14,0.54
2025-04-20 02:15,0.215,0.57
2025-04-20 02:30,0.29,0.6
2025-04-20 02:45,0.365,0.63
2025-04-20 05:00,0.44,0.66
2025-04-20 03:15,0.545,0.7425
2025-04-20 03:30,0.65,0.825
2025-04-20 03:45,0.755,0.9075
2025-04-20 06:00,0.86,0.99
2025-04-20 04:15,0.9475,1.0125
2025-04-20 04:30,1.035,1.035
2025-04-20 04:45,1.1225,1.0575
2025-04-20 07:00,1.21,1.08
2025-04-20 05:15,1.2625,1.2
2025-04-20 05:30,1.315,1.32
2025-04-20 05:45,1.3675,1.44
2025-04-20 08:00,1.42,1.56
2025-04-20 06:15,1.4975,1.555
2025-04-20 06:30,1.575,1.55
2025-04-20 06:45,1.6525,1.545
2025-04-20 09:00,1.73,1.54
2025-04-20 07:15,1.805,1.5925
2025-04-20 07:30,1.88,1.645
2025-04-20 07:45,1.955,1.6975
2025-04-20 10:00,2.03,1.75
2025-04-20 08:15,2.1825,1.7875
2025-04-20 08:30,2.335,1.825
2025-04-20 08:45,2.4875,1.8625
2025-04-20 11:00,2.64,1.9
2025-04-20 09:15,2.585,1.93
2025-04-20 09:30,2.53,1.96
2025-04-20 09:45,2.475,1.99
2025-04-20 12:00,2.42,2.02
2025-04-20 10:15,2.415,2.055
2025-04-20 10:30,2.41,2.09
2025-04-20 10:45,2.405,2.125
2025-04-20 13:00,2.4,2.16
2025-04-20 11:15,2.305,2.085
2025-04-20 11:30,2.21,2.01
2025-04-20 11:45,2.115,1.935
2025-04-20 14:00,2.02,1.86
2025-04-20 12:15,1.97,1.8175
2025-04-20 12:30,1.92,1.775
2025-04-20 12:45,1.87,1.7325
2025-04-20 15:00,1.82,1.69
2025-04-20 13:15,1.81,1.66
2025-04-20 13:30,1.8,1.63
2025-04-20 13:45,1.79,1.6
2025-04-20 16:00,1.78,1.57
2025-04-20 14:15,1.695,1.5025
2025-04-20 14:30,1.61,1.435
2025-04-20 14:45,1.525,1.3675
2025-04-20 17:00,1.44,1.3
2025-04-20 15:15,1.32,1.295
2025-04-20 15:30,1.2,1.29
2025-04-20 15:45,1.08,1.285
2025-04-20 18:00,0.96,1.28
2025-04-20 16:15,0.85,1.2025
2025-04-20 16:30,0.74,1.125
2025-04-20 16:45,0.63,1.0475
2025-04-20 19:00,0.52,0.97
2025-04-20 17:15,0.45,0.92
2025-04-20 17:30,0.38,0.87
2025-04-20 17:45,0.31,0.82
2025-04-20 20:00,0.24,0.77
2025-04-20 18:15,0.1925,0.74
2025-04-20 18:30,0.145,0.71
2025-04-20 18:45,0.0975,0.68
2025-04-20 21:00,0.05,0.65
2025-04-20 19:15,0.0375,0.6525
2025-04-20 19:30,0.025,0.655
2025-04-20 19:45,0.0125,0.6575
2025-04-20 22:00,0,0.66
2025-04-20 20:15,0,0.625
2025-04-20 20:30,0,0.59
2025-04-20 20:45,0,0.555
2025-04-20 23:00,0,0.52
2025-04-20 21:15,0,0.5025
2025-04-20 21:30,0,0.485
2025-04-20 21:45,0,0.4675
2025-04-21 00:00,0,0.45
2025-04-20 22:15,0,0.435
2025-04-20 22:30,0,0.42
2025-04-20 22:45,0,0.405
2025-04-21 01:00,0,0.39
2025-04-20 23:15,0,0.3825
2025-04-20 23:30,0,0.375
2025-04-20 23:45,0,0.3675
2025-04-21 02:00,0,0.36
2025-04-21 00:15,0.0125,0.3675
2025-04-21 00:30,0.025,0.375
2025-04-21 00:45,0.0375,0.3825
2025-04-21 03:00,0.05,0.39
2025-04-21 01:15,0.0725,0.4075
2025-04-21 01:30,0.095,0.425
2025-04-21 01:45,0.1175,0.4425
2025-04-21 04:00,0.14,0.46
2025-04-21 02:15,0.23,0.52
2025-04-21 02:30,0.32,0.58
2025-04-21 02:45,0.41,0.64
2025-04-21 05:00,0.5,0.7
2025-04-21 03:15,0.5775,0.78
2025-04-21 03:30,0.655,0.86
2025-04-21 03:45,0.7325,0.94
2025-04-21 06:00,0.81,1.02
2025-04-21 04:15,0.8925,1.0775
2025-04-21 04:30,0.975,1.135
2025-04-21 04:45,1.0575,1.1925
2025-04-21 07:00,1.14,1.25
2025-04-21 05:15,1.2675,1.3325
2025-04-21 05:30,1.395,1.415
2025-04-21 05:45,1.5225,1.4975
2025-04-21 08:00,1.65,1.58
2025-04-21 06:15,1.7225,1.585
2025-04-21 06:30,1.795,1.59
2025-04-21 06:45,1.8675,1.595
2025-04-21 09:00,1.94,1.6
2025-04-21 07:15,1.945,1.655
2025-04-21 07:30,1.95,1.71
2025-04-21 07:45,1.955,1.765
2025-04-21 10:00,1.96,1.82
2025-04-21 08:15,2.06,1.8525
2025-04-21 08:30,2.16,1.885
2025-04-21 08:45,2.26,1.9175
2025-04-21 11:00,2.36,1.95
2025-04-21 09:15,2.3725,1.9825
2025-04-21 09:30,2.385,2.015
2025-04-21 09:45,2.3975,2.0475
2025-04-21 12:00,2.41,2.08
2025-04-21 10:15,2.425,2.01
2025-04-21 10:30,2.44,1.94
2025-04-21 10:45,2.455,1.87
2025-04-21 13:00,2.47,1.8
2025-04-21 11:15,2.44,1.805
2025-04-21 11:30,2.41,1.81
2025-04-21 11:45,2.38,1.815
2025-04-21 14:00,2.35,1.82
2025-04-21 12:15,2.2725,1.7775
2025-04-21 12:30,2.195,1.735
2025-04-21 12:45,2.1175,1.6925
2025-04-21 15:00,2.04,1.65
2025-04-21 13:15,1.94,1.6025
2025-04-21 13:30,1.84,1.555
2025-04-21 13:45,1.74,1.5075
2025-04-21 16:00,1.64,1.46
2025-04-21 14:15,1.5375,1.405
2025-04-21 14:30,1.435,1.35
2025-04-21 14:45,1.3325,1.295
2025-04-21 17:00,1.23,1.24
2025-04-21 15:15,1.15,1.235
2025-04-21 15:30,1.07,1.23
2025-04-21 15:45,0.99,1.225
2025-04-21 18:00,0.91,1.22
2025-04-21 16:15,0.815,1.1475
2025-04-21 16:30,0.72,1.075
2025-04-21 16:45,0.625,1.0025
2025-04-21 19:00,0.53,0.93
2025-04-21 17:15,0.4525,0.8875
2025-04-21 17:30,0.375,0.845
2025-04-21 17:45,0.2975,0.8025
2025-04-21 20:00,0.22,0.76
2025-04-21 18:15,0.175,0.7425
2025-04-21 18:30,0.13,0.725
2025-04-21 18:45,0.085,0.7075
2025-04-21 21:00,0.04,0.69
2025-04-21 19:15,0.03,0.6725
2025-04-21 19:30,0.02,0.655
2025-04-21 19:45,0.01,0.6375
2025-04-21 22:00,0,0.62
2025-04-21 20:15,0,0.585
2025-04-21 20:30,0,0.55
2025-04-21 20:45,0,0.515
2025-04-21 23:00,0,0.48
2025-04-21 21:15,0,0.4775
2025-04-21 21:30,0,0.475
2025-04-21 21:45,0,0.4725
2025-04-22 00:00,0,0.47
2025-04-21 22:15,0,0.4525
2025-04-21 22:30,0,0.435
2025-04-21 22:45,0,0.4175
2025-04-22 01:00,0,0.4
2025-04-21 23:15,0,0.3975
2025-04-21 23:30,0,0.395
2025-04-21 23:45,0,0.3925
2025-04-22 02:00,0,0.39
2025-04-22 00:15,0.01,0.3825
2025-04-22 00:30,0.02,0.375
2025-04-22 00:45,0.03,0.3675
2025-04-22 03:00,0.04,0.36
2025-04-22 01:15,0.065,0.3825
2025-04-22 01:30,0.09,0.405
2025-04-22 01:45,0.115,0.4275
2025-04-22 04:00,0.14,0.45
2025-04-22 02:15,0.2275,0.51
2025-04-22 02:30,0.315,0.57
2025-04-22 02:45,0.4025,0.63
2025-04-22 05:00,0.49,0.69
2025-04-22 03:15,0.57,0.7575
2025-04-22 03:30,0.65,0.825
2025-04-22 03:45,0.73,0.8925
2025-04-22 06:00,0.81,0.96
2025-04-22 04:15,0.9075,1.0025
2025-04-22 04:30,1.005,1.045
2025-04-22 04:45,1.1025,1.0875
2025-04-22 07:00,1.2,1.13
2025-04-22 05:15,1.2875,1.215
2025-04-22 05:30,1.375,1.3
2025-04-22 05:45,1.4625,1.385
2025-04-22 08:00,1.55,1.47
2025-04-22 06:15,1.6075,1.4875
2025-04-22 06:30,1.665,1.505
2025-04-22 06:45,1.7225,1.5225
2025-04-22 09:00,1.78,1.54
2025-04-22 07:15,1.895,1.5625
2025-04-22 07:30,2.01,1.585
2025-04-22 07:45,2.125,1.6075
2025-04-22 10:00,2.24,1.63
2025-04-22 08:15,2.245,1.7475
2025-04-22 08:30,2.25,1.865
2025-04-22 08:45,2.255,1.9825
2025-04-22 11:00,2.26,2.1
2025-04-22 09:15,2.29,2.1125
2025-04-22 09:30,2.32,2.125
2025-04-22 09:45,2.35,2.1375
2025-04-22 12:00,2.38,2.15
2025-04-22 10:15,2.355,2.07
2025-04-22 10:30,2.33,1.99
2025-04-22 10:45,2.305,1.91
2025-04-22 13:00,2.28,1.83
2025-04-22 11:15,2.255,1.845
2025-04-22 11:30,2.23,1.86
2025-04-22 11:45,2.205,1.875
2025-04-22 14:00,2.18,1.89
2025-04-22 12:15,2.145,1.855
2025-04-22 12:30,2.11,1.82
2025-04-22 12:45,2.075,1.785
2025-04-22 15:00,2.04,1.75
2025-04-22 13:15,1.965,1.715
2025-04-22 13:30,1.89,1.68
2025-04-22 13:45,1.815,1.645
2025-04-22 16:00,1.74,1.61
2025-04-22 14:15,1.6525,1.54
2025-04-22 14:30,1.565,1.47
2025-04-22 14:45,1.4775,1.4
2025-04-22 17:00,1.39,1.33
2025-04-22 15:15,1.2975,1.2925
2025-04-22 15:30,1.205,1.255
2025-04-22 15:45,1.1125,1.2175
2025-04-22 18:00,1.02,1.18
2025-04-22 16:15,0.905,1.15
2025-04-22 16:30,0.79,1.12
2025-04-22 16:45,0.675,1.09
2025-04-22 19:00,0.56,1.06
2025-04-22 17:15,0.475,1.015
2025-04-22 17:30,0.39,0.97
2025-04-22 17:45,0.305,0.925
2025-04-22 20:00,0.22,0.88
2025-04-22 18:15,0.1775,0.835
2025-04-22 18:30,0.135,0.79
2025-04-22 18:45,0.0925,0.745
2025-04-22 21:00,0.05,0.7
2025-04-22 19:15,0.0375,0.67
2025-04-22 19:30,0.025,0.64
2025-04-22 19:45,0.0125,0.61
2025-04-22 22:00,0,0.58
2025-04-22 20:15,0,0.5575
2025-04-22 20:30,0,0.535
2025-04-22 20:45,0,0.5125
2025-04-22 23:00,0,0.49
2025-04-22 21:15,0,0.4925
2025-04-22 21:30,0,0.495
2025-04-22 21:45,0,0.4975
2025-04-23 00:00,0,0.5
2025-04-22 22:15,0,0.4725
2025-04-22 22:30,0,0.445
2025-04-22 22:45,0,0.4175
2025-04-23 01:00,0,0.39
2025-04-22 23:15,0,0.4
2025-04-22 23:30,0,0.41
2025-04-22 23:45,0,0.42
2025-04-23 02:00,0,0.43
2025-04-23 00:15,0.0125,0.425
2025-04-23 00:30,0.025,0.42
2025-04-23 00:45,0.0375,0.415
2025-04-23 03:00,0.05,0.41
2025-04-23 01:15,0.0725,0.4275
2025-04-23 01:30,0.095,0.445
2025-04-23 01:45,0.1175,0.4625
2025-04-23 04:00,0.14,0.48
2025-04-23 02:15,0.2275,0.5525
2025-04-23 02:30,0.315,0.625
2025-04-23 02:45,0.4025,0.6975
2025-04-23 05:00,0.49,0.77
2025-04-23 03:15,0.5875,0.845
2025-04-23 03:30,0.685,0.92
2025-04-23 03:45,0.7825,0.995
2025-04-23 06:00,0.88,1.07
2025-04-23 04:15,0.935,1.1325
2025-04-23 04:30,0.99,1.195
2025-04-23 04:45,1.045,1.2575
2025-04-23 07:00,1.1,1.32
2025-04-23 05:15,1.2275,1.3475
2025-04-23 05:30,1.355,1.375
2025-04-23 05:45,1.4825,1.4025
2025-04-23 08:00,1.61,1.43
2025-04-23 06:15,1.6825,1.49
2025-04-23 06:30,1.755,1.55
2025-04-23 06:45,1.8275,1.61
2025-04-23 09:00,1.9,1.67
2025-04-23 07:15,2.0125,1.7375
2025-04-23 07:30,2.125,1.805
2025-04-23 07:45,2.2375,1.8725
2025-04-23 10:00,2.35,1.94
2025-04-23 08:15,2.3525,1.9325
2025-04-23 08:30,2.355,1.925
2025-04-23 08:45,2.3575,1.9175
2025-04-23 11:00,2.36,1.91
2025-04-23 09:15,2.3825,2.0025
2025-04-23 09:30,2.405,2.095
2025-04-23 09:45,2.4275,2.1875
2025-04-23 12:00,2.45,2.28
2025-04-23 10:15,2.3975,2.24
2025-04-23 10:30,2.345,2.2
2025-04-23 10:45,2.2925,2.16
2025-04-23 13:00,2.24,2.12
2025-04-23 11:15,2.235,2.0225
2025-04-23 11:30,2.23,1.925
2025-04-23 11:45,2.225,1.8275
2025-04-23 14:00,2.22,1.73
2025-04-23 12:15,2.12,1.7425
2025-04-23 12:30,2.02,1.755
2025-04-23 12:45,1.92,1.7675
2025-04-23 15:00,1.82,1.78
2025-04-23 13:15,1.805,1.74
2025-04-23 13:30,1.79,1.7
2025-04-23 13:45,1.775,1.66
2025-04-23 16:00,1.76,1.62
2025-04-23 14:15,1.6475,1.54
2025-04-23 14:30,1.535,1.46
2025-04-23 14:45,1.4225,1.38
2025-04-23 17:00,1.31,1.3
2025-04-23 15:15,1.2025,1.255
2025-04-23 15:30,1.095,1.21
2025-04-23 15:45,0.9875,1.165
2025-04-23 18:00,0.88,1.12
2025-04-23 16:15,0.795,1.0925
2025-04-23 16:30,0.71,1.065
2025-04-23 16:45,0.625,1.0375
2025-04-23 19:00,0.54,1.01
2025-04-23 17:15,0.4625,0.95
2025-04-23 17:30,0.385,0.89
2025-04-23 17:45,0.3075,0.83
2025-04-23 20:00,0.23,0.77
2025-04-23 18:15,0.185,0.7675
2025-04-23 18:30,0.14,0.765
2025-04-23 18:45,0.095,0.7625
2025-04-23 21:00,0.05,0.76
2025-04-23 19:15,0.0375,0.7275
2025-04-23 19:30,0.025,0.695
2025-04-23 19:45,0.0125,0.6625
2025-04-23 22:00,0,0.63
2025-04-23 20:15,0,0.605
2025-04-23 20:30,0,0.58
2025-04-23 20:45,0,0.555
2025-04-23 23:00,0,0.53
2025-04-23 21:15,0,0.5225
2025-04-23 21:30,0,0.515
2025-04-23 21:45,0,0.5075
2025-04-24 00:00,0,0.5
2025-04-23 22:15,0,0.4775
2025-04-23 22:30,0,0.455
2025-04-23 22:45,0,0.4325
2025-04-24 01:00,0,0.41
2025-04-23 23:15,0,0.415
2025-04-23 23:30,0,0.42
2025-04-23 23:45,0,0.425
2025-04-24 02:00,0,0.43
2025-04-24 00:15,0.0125,0.4175
2025-04-24 00:30,0.025,0.405
2025-04-24 00:45,0.0375,0.3925
2025-04-24 03:00,0.05,0.38
2025-04-24 01:15,0.07,0.4075
2025-04-24 01:30,0.09,0.435
2025-04-24 01:45,0.11,0.4625
2025-04-24 04:00,0.13,0.49
2025-04-24 02:15,0.225,0.545
2025-04-24 02:30,0.32,0.6
2025-04-24 02:45,0.415,0.655
2025-04-24 05:00,0.51,0.71
2025-04-24 03:15,0.59,0.7875
2025-04-24 03:30,0.67,0.865
2025-04-24 03:45,0.75,0.9425
2025-04-24 06:00,0.83,1.02
2025-04-24 04:15,0.8975,1.045
2025-04-24 04:30,0.965,1.07
2025-04-24 04:45,1.0325,1.095
2025-04-24 07:00,1.1,1.12
2025-04-24 05:15,1.1925,1.18
2025-04-24 05:30,1.285,1.24
2025-04-24 05:45,1.3775,1.3
2025-04-24 08:00,1.47,1.36
2025-04-24 06:15,1.5925,1.465
2025-04-24 06:30,1.715,1.57
2025-04-24 06:45,1.8375,1.675
2025-04-24 09:00,1.96,1.78
2025-04-24 07:15,2.06,1.8075
2025-04-24 07:30,2.16,1.835
2025-04-24 07:45,2.26,1.8625
2025-04-24 10:00,2.36,1.89
2025-04-24 08:15,2.39,1.91
2025-04-24 08:30,2.42,1.93
2025-04-24 08:45,2.45,1.95
2025-04-24 11:00,2.48,1.97
2025-04-24 09:15,2.4925,2.04
2025-04-24 09:30,2.505,2.11
2025-04-24 09:45,2.5175,2.18
2025-04-24 12:00,2.53,2.25
2025-04-24 10:15,2.5475,2.2325
2025-04-24 10:30,2.565,2.215
2025-04-24 10:45,2.5825,2.1975
2025-04-24 13:00,2.6,2.18
2025-04-24 11:15,2.5125,2.04
2025-04-24 11:30,2.425,1.9
2025-04-24 11:45,2.3375,1.76
2025-04-24 14:00,2.25,1.62
2025-04-24 12:15,2.155,1.6725
2025-04-24 12:30,2.06,1.725
2025-04-24 12:45,1.965,1.7775
2025-04-24 15:00,1.87,1.83
2025-04-24 13:15,1.785,1.7425
2025-04-24 13:30,1.7,1.655
2025-04-24 13:45,1.615,1.5675
2025-04-24 16:00,1.53,1.48
2025-04-24 14:15,1.4525,1.4075
2025-04-24 14:30,1.375,1.335
2025-04-24 14:45,1.2975,1.2625
2025-04-24 17:00,1.22,1.19
2025-04-24 15:15,1.1525,1.175
2025-04-24 15:30,1.085,1.16
2025-04-24 15:45,1.0175,1.145
2025-04-24 18:00,0.95,1.13
2025-04-24 16:15,0.8425,1.075
2025-04-24 16:30,0.735,1.02
2025-04-24 16:45,0.6275,0.965
2025-04-24 19:00,0.52,0.91
2025-04-24 17:15,0.45,0.865
2025-04-24 17:30,0.38,0.82
2025-04-24 17:45,0.31,0.775
2025-04-24 20:00,0.24,0.73
2025-04-24 18:15,0.1925,0.7125
2025-04-24 18:30,0.145,0.695
2025-04-24 18:45,0.0975,0.6775
2025-04-24 21:00,0.05,0.66
2025-04-24 19:15,0.0375,0.6425
2025-04-24 19:30,0.025,0.625
2025-04-24 19:45,0.0125,0.6075
2025-04-24 22:00,0,0.59
2025-04-24 20:15,0,0.58
2025-04-24 20:30,0,0.57
2025-04-24 20:45,0,0.56
2025-04-24 23:00,0,0.55
2025-04-24 21:15,0,0.5475
2025-04-24 21:30,0,0.545
2025-04-24 21:45,0,0.5425
2025-04-25 00:00,0,0.54
2025-04-24 22:15,0,0.5125
2025-04-24 22:30,0,0.485
2025-04-24 22:45,0,0.4575
2025-04-25 01:00,0,0.43
2025-04-24 23:15,0,0.4225
2025-04-24 23:30,0,0.415
2025-04-24 23:45,0,0.4075
2025-04-25 02:00,0,0.4
2025-04-25 00:15,0.01,0.4025
2025-04-25 00:30,0.02,0.405
2025-04-25 00:45,0.03,0.4075
2025-04-25 03:00,0.04,0.41
2025-04-25 01:15,0.0675,0.43
2025-04-25 01:30,0.095,0.45
2025-04-25 01:45,0.1225,0.47
2025-04-25 04:00,0.15,0.49
2025-04-25 02:15,0.235,0.555
2025-04-25 02:30,0.32,0.62
2025-04-25 02:45,0.405,0.685
2025-04-25 05:00,0.49,0.75
2025-04-25 03:15,0.5975,0.81
2025-04-25 03:30,0.705,0.87
2025-04-25 03:45,0.8125,0.93
2025-04-25 06:00,0.92,0.99
2025-04-25 04:15,1.0075,1.035
2025-04-25 04:30,1.095,1.08
2025-04-25 04:45,1.1825,1.125
2025-04-25 07:00,1.27,1.17
2025-04-25 05:15,1.3275,1.2675
2025-04-25 05:30,1.385,1.365
2025-04-25 05:45,1.4425,1.4625
2025-04-25 08:00,1.5,1.56
2025-04-25 06:15,1.5925,1.625
2025-04-25 06:30,1.685,1.69
2025-04-25 06:45,1.7775,1.755
2025-04-25 09:00,1.87,1.82
2025-04-25 07:15,1.9025,1.77
2025-04-25 07:30,1.935,1.72
2025-04-25 07:45,1.9675,1.67
2025-04-25 10:00,2,1.62
2025-04-25 08:15,2.13,1.7225
2025-04-25 08:30,2.26,1.825
2025-04-25 08:45,2.39,1.9275
2025-04-25 11:00,2.52,2.03
2025-04-25 09:15,2.57,2.0925
2025-04-25 09:30,2.62,2.155
2025-04-25 09:45,2.67,2.2175
2025-04-25 12:00,2.72,2.28
2025-04-25 10:15,2.6425,2.225
2025-04-25 10:30,2.565,2.17
2025-04-25 10:45,2.4875,2.115
2025-04-25 13:00,2.41,2.06
2025-04-25 11:15,2.3225,1.9675
2025-04-25 11:30,2.235,1.875
2025-04-25 11:45,2.1475,1.7825
2025-04-25 14:00,2.06,1.69
2025-04-25 12:15,1.985,1.69
2025-04-25 12:30,1.91,1.69
2025-04-25 12:45,1.835,1.69
2025-04-25 15:00,1.76,1.69
2025-04-25 13:15,1.73,1.63
2025-04-25 13:30,1.7,1.57
2025-04-25 13:45,1.67,1.51
2025-04-25 16:00,1.64,1.45
2025-04-25 14:15,1.5425,1.38
2025-04-25 14:30,1.445,1.31
2025-04-25 14:45,1.3475,1.24
2025-04-25 17:00,1.25,1.17
2025-04-25 15:15,1.1775,1.19
2025-04-25 15:30,1.105,1.21
2025-04-25 15:45,1.0325,1.23
2025-04-25 18:00,0.96,1.25
2025-04-25 16:15,0.8575,1.1825
2025-04-25 16:30,0.755,1.115
2025-04-25 16:45,0.6525,1.0475
2025-04-25 19:00,0.55,0.98
2025-04-25 17:15,0.4775,0.92
2025-04-25 17:30,0.405,0.86
2025-04-25 17:45,0.3325,0.8
2025-04-25 20:00,0.26,0.74
2025-04-25 18:15,0.2075,0.715
2025-04-25 18:30,0.155,0.69
2025-04-25 18:45,0.1025,0.665
2025-04-25 21:00,0.05,0.64
2025-04-25 19:15,0.0375,0.6375
2025-04-25 19:30,0.025,0.635
2025-04-25 19:45,0.0125,0.6325
2025-04-25 22:00,0,0.63
2025-04-25 20:15,0,0.585
2025-04-25 20:30,0,0.54
2025-04-25 20:45,0,0.495
2025-04-25 23:00,0,0.45
2025-04-25 21:15,0,0.465
2025-04-25 21:30,0,0.48
2025-04-25 21:45,0,0.495
2025-04-26 00:00,0,0.51
2025-04-25 22:15,0,0.4825
2025-04-25 22:30,0,0.455
2025-04-25 22:45,0,0.4275
2025-04-26 01:00,0,0.4
2025-04-25 23:15,0,0.395
2025-04-25 23:30,0,0.39
2025-04-25 23:45,0,0.385
2025-04-26 02:00,0,0.38
2025-04-26 00:15,0.0125,0.375
2025-04-26 00:30,0.025,0.37
2025-04-26 00:45,0.0375,0.365
2025-04-26 03:00,0.05,0.36
2025-04-26 01:15,0.0725,0.3875
2025-04-26 01:30,0.095,0.415
2025-04-26 01:45,0.1175,0.4425
2025-04-26 04:00,0.14,0.47
2025-04-26 02:15,0.2175,0.5375
2025-04-26 02:30,0.295,0.605
2025-04-26 02:45,0.3725,0.6725
2025-04-26 05:00,0.45,0.74
2025-04-26 03:15,0.5375,0.8275
2025-04-26 03:30,0.625,0.915
2025-04-26 03:45,0.7125,1.0025
2025-04-26 06:00,0.8,1.09
2025-04-26 04:15,0.925,1.1025
2025-04-26 04:30,1.05,1.115
2025-04-26 04:45,1.175,1.1275
2025-04-26 07:00,1.3,1.14
2025-04-26 05:15,1.37,1.2275
2025-04-26 05:30,1.44,1.315
2025-04-26 05:45,1.51,1.4025
2025-04-26 08:00,1.58,1.49
2025-04-26 06:15,1.7025,1.5375
2025-04-26 06:30,1.825,1.585
2025-04-26 06:45,1.9475,1.6325
2025-04-26 09:00,2.07,1.68
2025-04-26 07:15,2.085,1.71
2025-04-26 07:30,2.1,1.74
2025-04-26 07:45,2.115,1.77
2025-04-26 10:00,2.13,1.8
2025-04-26 08:15,2.155,1.84
2025-04-26 08:30,2.18,1.88
2025-04-26 08:45,2.205,1.92
2025-04-26 11:00,2.23,1.96
2025-04-26 09:15,2.27,2.01
2025-04-26 09:30,2.31,2.06
2025-04-26 09:45,2.35,2.11
2025-04-26 12:00,2.39,2.16
2025-04-26 10:15,2.395,2.0725
2025-04-26 10:30,2.4,1.985
2025-04-26 10:45,2.405,1.8975
2025-04-26 13:00,2.41,1.81
2025-04-26 11:15,2.4,1.835
2025-04-26 11:30,2.39,1.86
2025-04-26 11:45,2.38,1.885
2025-04-26 14:00,2.37,1.91
2025-04-26 12:15,2.2925,1.8925
2025-04-26 12:30,2.215,1.875
2025-04-26 12:45,2.1375,1.8575
2025-04-26 15:00,2.06,1.84
2025-04-26 13:15,1.925,1.785
2025-04-26 13:30,1.79,1.73
2025-04-26 13:45,1.655,1.675
2025-04-26 16:00,1.52,1.62
2025-04-26 14:15,1.485,1.525
2025-04-26 14:30,1.45,1.43
2025-04-26 14:45,1.415,1.335
2025-04-26 17:00,1.38,1.24
2025-04-26 15:15,1.29,1.205
2025-04-26 15:30,1.2,1.17
2025-04-26 15:45,1.11,1.135
2025-04-26 18:00,1.02,1.1
2025-04-26 16:15,0.9225,1.09
2025-04-26 16:30,0.825,1.08
2025-04-26 16:45,0.7275,1.07
2025-04-26 19:00,0.63,1.06
2025-04-26 17:15,0.5325,1.0025
2025-04-26 17:30,0.435,0.945
2025-04-26 17:45,0.3375,0.8875
2025-04-26 20:00,0.24,0.83
2025-04-26 18:15,0.1925,0.795
2025-04-26 18:30,0.145,0.76
2025-04-26 18:45,0.0975,0.725
2025-04-26 21:00,0.05,0.69
2025-04-26 19:15,0.0375,0.67
2025-04-26 19:30,0.025,0.65
2025-04-26 19:45,0.0125,0.63
2025-04-26 22:00,0,0.61
2025-04-26 20:15,0,0.5825
2025-04-26 20:30,0,0.555
2025-04-26 20:45,0,0.5275
2025-04-26 23:00,0,0.5
2025-04-26 21:15,0,0.4925
2025-04-26 21:30,0,0.485
2025-04-26 21:45,0,0.4775
2025-04-27 00:00,0,0.47
2025-04-26 22:15,0,0.46
2025-04-26 22:30,0,0.45
2025-04-26 22:45,0,0.44
2025-04-27 01:00,0,0.43
2025-04-26 23:15,0,0.43
2025-04-26 23:30,0,0.43
2025-04-26 23:45,0,0.43
2025-04-27 02:00,0,0.43
2025-04-27 00:15,0.0125,0.43
2025-04-27 00:30,0.025,0.43
2025-04-27 00:45,0.0375,0.43
2025-04-27 03:00,0.05,0.43
2025-04-27 01:15,0.0775,0.4425
2025-04-27 01:30,0.105,0.455
2025-04-27 01:45,0.1325,0.4675
2025-04-27 04:00,0.16,0.48
2025-04-27 02:15,0.2375,0.535
2025-04-27 02:30,0.315,0.59
2025-04-27 02:45,0.3925,0.645
2025-04-27 05:00,0.47,0.7
2025-04-27 03:15,0.5825,0.77
2025-04-27 03:30,0.695,0.84
2025-04-27 03:45,0.8075,0.91
2025-04-27 06:00,0.92,0.98
2025-04-27 04:15,1,1.025
2025-04-27 04:30,1.08,1.07
2025-04-27 04:45,1.16,1.115
2025-04-27 07:00,1.24,1.16
2025-04-27 05:15,1.34,1.225
2025-04-27 05:30,1.44,1.29
2025-04-27 05:45,1.54,1.355
2025-04-27 08:00,1.64,1.42
2025-04-27 06:15,1.685,1.4975
2025-04-27 06:30,1.73,1.575
2025-04-27 06:45,1.775,1.6525
2025-04-27 09:00,1.82,1.73
2025-04-27 07:15,1.935,1.7525
2025-04-27 07:30,2.05,1.775
2025-04-27 07:45,2.165,1.7975
2025-04-27 10:00,2.28,1.82
2025-04-27 08:15,2.35,1.91
2025-04-27 08:30,2.42,2
2025-04-27 08:45,2.49,2.09
2025-04-27 11:00,2.56,2.18
2025-04-27 09:15,2.5425,2.185
2025-04-27 09:30,2.525,2.19
2025-04-27 09:45,2.5075,2.195
2025-04-27 12:00,2.49,2.2
2025-04-27 10:15,2.5025,2.1025
2025-04-27 10:30,2.515,2.005
2025-04-27 10:45,2.5275,1.9075
2025-04-27 13:00,2.54,1.81
2025-04-27 11:15,2.4275,1.79
2025-04-27 11:30,2.315,1.77
2025-04-27 11:45,2.2025,1.75
2025-04-27 14:00,2.09,1.73
2025-04-27 12:15,2.0325,1.6975
2025-04-27 12:30,1.975,1.665
2025-04-27 12:45,1.9175,1.6325
2025-04-27 15:00,1.86,1.6
2025-04-27 13:15,1.845,1.5775
2025-04-27 13:30,1.83,1.555
2025-04-27 13:45,1.815,1.5325
2025-04-27 16:00,1.8,1.51
2025-04-27 14:15,1.6875,1.4525
2025-04-27 14:30,1.575,1.395
2025-04-27 14:45,1.4625,1.3375
2025-04-27 17:00,1.35,1.28
2025-04-27 15:15,1.2725,1.275
2025-04-27 15:30,1.195,1.27
2025-04-27 15:45,1.1175,1.265
2025-04-27 18:00,1.04,1.26
2025-04-27 16:15,0.9275,1.2175
2025-04-27 16:30,0.815,1.175
2025-04-27 16:45,0.7025,1.1325
2025-04-27 19:00,0.59,1.09
2025-04-27 17:15,0.4975,1.02
2025-04-27 17:30,0.405,0.95
2025-04-27 17:45,0.3125,0.88
2025-04-27 20:00,0.22,0.81
2025-04-27 18:15,0.1775,0.7925
2025-04-27 18:30,0.135,0.775
2025-04-27 18:45,0.0925,0.7575
2025-04-27 21:00,0.05,0.74
2025-04-27 19:15,0.0375,0.7175
2025-04-27 19:30,0.025,0.695
2025-04-27 19:45,0.0125,0.6725
2025-04-27 22:00,0,0.65
2025-04-27 20:15,0,0.6175
2025-04-27 20:30,0,0.585
2025-04-27 20:45,0,0.5525
2025-04-27 23:00,0,0.52
2025-04-27 21:15,0,0.51
2025-04-27 21:30,0,0.5
2025-04-27 21:45,0,0.49
2025-04-28 00:00,0,0.48
2025-04-27 22:15,0,0.4625
2025-04-27 22:30,0,0.445
2025-04-27 22:45,0,0.4275
2025-04-28 01:00,0,0.41
2025-04-27 23:15,0,0.4125
2025-04-27 23:30,0,0.415
2025-04-27 23:45,0,0.4175
2025-04-28 02:00,0,0.42
2025-04-28 00:15,0.0125,0.4075
2025-04-28 00:30,0.025,0.395
2025-04-28 00:45,0.0375,0.3825
2025-04-28 03:00,0.05,0.37
2025-04-28 01:15,0.075,0.41
2025-04-28 01:30,0.1,0.45
2025-04-28 01:45,0.125,0.49
2025-04-28 04:00,0.15,0.53
2025-04-28 02:15,0.225,0.59
2025-04-28 02:30,0.3,0.65
2025-04-28 02:45,0.375,0.71
2025-04-28 05:00,0.45,0.77
2025-04-28 03:15,0.5325,0.84
2025-04-28 03:30,0.615,0.91
2025-04-28 03:45,0.6975,0.98
2025-04-28 06:00,0.78,1.05
2025-04-28 04:15,0.915,1.0975
2025-04-28 04:30,1.05,1.145
2025-04-28 04:45,1.185,1.1925
2025-04-28 07:00,1.32,1.24
2025-04-28 05:15,1.37,1.3225
2025-04-28 05:30,1.42,1.405
2025-04-28 05:45,1.47,1.4875
2025-04-28 08:00,1.52,1.57
2025-04-28 06:15,1.62,1.625
2025-04-28 06:30,1.72,1.68
2025-04-28 06:45,1.82,1.735
2025-04-28 09:00,1.92,1.79
2025-04-28 07:15,2.03,1.79
2025-04-28 07:30,2.14,1.79
2025-04-28 07:45,2.25,1.79
2025-04-28 10:00,2.36,1.79
2025-04-28 08:15,2.4275,1.8025
2025-04-28 08:30,2.495,1.815
2025-04-28 08:45,2.5625,1.8275
2025-04-28 11:00,2.63,1.84
2025-04-28 09:15,2.5975,1.935
2025-04-28 09:30,2.565,2.03
2025-04-28 09:45,2.5325,2.125
2025-04-28 12:00,2.5,2.22
2025-04-28 10:15,2.415,2.1925
2025-04-28 10:30,2.33,2.165
2025-04-28 10:45,2.245,2.1375
2025-04-28 13:00,2.16,2.11
2025-04-28 11:15,2.19,2.0675
2025-04-28 11:30,2.22,2.025
2025-04-28 11:45,2.25,1.9825
2025-04-28 14:00,2.28,1.94
2025-04-28 12:15,2.1925,1.9025
2025-04-28 12:30,2.105,1.865
2025-04-28 12:45,2.0175,1.8275
2025-04-28 15:00,1.93,1.79
2025-04-28 13:15,1.83,1.6875
2025-04-28 13:30,1.73,1.585
2025-04-28 13:45,1.63,1.4825
2025-04-28 16:00,1.53,1.38
2025-04-28 14:15,1.5125,1.3925
2025-04-28 14:30,1.495,1.405
2025-04-28 14:45,1.4775,1.4175
2025-04-28 17:00,1.46,1.43
2025-04-28 15:15,1.33,1.375
2025-04-28 15:30,1.2,1.32
2025-04-28 15:45,1.07,1.265
2025-04-28 18:00,0.94,1.21
2025-04-28 16:15,0.8475,1.135
2025-04-28 16:30,0.755,1.06
2025-04-28 16:45,0.6625,0.985
2025-04-28 19:00,0.57,0.91
2025-04-28 17:15,0.4825,0.9
2025-04-28 17:30,0.395,0.89
2025-04-28 17:45,0.3075,0.88
2025-04-28 20:00,0.22,0.87
2025-04-28 18:15,0.1775,0.8225
2025-04-28 18:30,0.135,0.775
2025-04-28 18:45,0.0925,0.7275
2025-04-28 21:00,0.05,0.68
2025-04-28 19:15,0.0375,0.6475
2025-04-28 19:30,0.025,0.615
2025-04-28 19:45,0.0125,0.5825
2025-04-28 22:00,0,0.55
2025-04-28 20:15,0,0.55
2025-04-28 20:30,0,0.55
2025-04-28 20:45,0,0.55
2025-04-28 23:00,0,0.55
2025-04-28 21:15,0,0.53
2025-04-28 21:30,0,0.51
2025-04-28 21:45,0,0.49
2025-04-29 00:00,0,0.47
2025-04-28 22:15,0,0.445
2025-04-28 22:30,0,0.42
2025-04-28 22:45,0,0.395
2025-04-29 01:00,0,0.37
2025-04-28 23:15,0,0.385
2025-04-28 23:30,0,0.4
2025-04-28 23:45,0,0.415
2025-04-29 02:00,0,0.43
2025-04-29 00:15,0.0125,0.425
2025-04-29 00:30,0.025,0.42
2025-04-29 00:45,0.0375,0.415
2025-04-29 03:00,0.05,0.41
2025-04-29 01:15,0.07,0.4275
2025-04-29 01:30,0.09,0.445
2025-04-29 01:45,0.11,0.4625
2025-04-29 04:00,0.13,0.48
2025-04-29 02:15,0.2225,0.545
2025-04-29 02:30,0.315,0.61
2025-04-29 02:45,0.4075,0.675
2025-04-29 05:00,0.5,0.74
2025-04-29 03:15,0.595,0.81
2025-04-29 03:30,0.69,0.88
2025-04-29 03:45,0.785,0.95
2025-04-29 06:00,0.88,1.02
2025-04-29 04:15,0.9775,1.0825
2025-04-29 04:30,1.075,1.145
2025-04-29 04:45,1.1725,1.2075
2025-04-29 07:00,1.27,1.27
2025-04-29 05:15,1.3125,1.3025
2025-04-29 05:30,1.355,1.335
2025-04-29 05:45,1.3975,1.3675
2025-04-29 08:00,1.44,1.4
2025-04-29 06:15,1.6,1.505
2025-04-29 06:30,1.76,1.61
2025-04-29 06:45,1.92,1.715
2025-04-29 09:00,2.08,1.82
2025-04-29 07:15,2.1175,1.855
2025-04-29 07:30,2.155,1.89
2025-04-29 07:45,2.1925,1.925
2025-04-29 10:00,2.23,1.96
2025-04-29 08:15,2.2575,1.935
2025-04-29 08:30,2.285,1.91
2025-04-29 08:45,2.3125,1.885
2025-04-29 11:00,2.34,1.86
2025-04-29 09:15,2.3925,1.925
2025-04-29 09:30,2.445,1.99
2025-04-29 09:45,2.4975,2.055
2025-04-29 12:00,2.55,2.12
2025-04-29 10:15,2.555,2.11
2025-04-29 10:30,2.56,2.1
2025-04-29 10:45,2.565,2.09
2025-04-29 13:00,2.57,2.08
2025-04-29 11:15,2.425,1.995
2025-04-29 11:30,2.28,1.91
2025-04-29 11:45,2.135,1.825
2025-04-29 14:00,1.99,1.74
2025-04-29 12:15,1.9525,1.7225
2025-04-29 12:30,1.915,1.705
2025-04-29 12:45,1.8775,1.6875
2025-04-29 15:00,1.84,1.67
2025-04-29 13:15,1.81,1.605
2025-04-29 13:30,1.78,1.54
2025-04-29 13:45,1.75,1.475
2025-04-29 16:00,1.72,1.41
2025-04-29 14:15,1.6225,1.36
2025-04-29 14:30,1.525,1.31
2025-04-29 14:45,1.4275,1.26
2025-04-29 17:00,1.33,1.21
2025-04-29 15:15,1.2175,1.2125
2025-04-29 15:30,1.105,1.215
2025-04-29 15:45,0.9925,1.2175
2025-04-29 18:00,0.88,1.22
2025-04-29 16:15,0.8025,1.1575
2025-04-29 16:30,0.725,1.095
2025-04-29 16:45,0.6475,1.0325
2025-04-29 19:00,0.57,0.97
2025-04-29 17:15,0.485,0.92
2025-04-29 17:30,0.4,0.87
2025-04-29 17:45,0.315,0.82
2025-04-29 20:00,0.23,0.77
2025-04-29 18:15,0.185,0.7625
2025-04-29 18:30,0.14,0.755
2025-04-29 18:45,0.095,0.7475
2025-04-29 21:00,0.05,0.74
2025-04-29 19:15,0.0375,0.71
2025-04-29 19:30,0.025,0.68
2025-04-29 19:45,0.0125,0.65
2025-04-29 22:00,0,0.62
2025-04-29 20:15,0,0.6025
2025-04-29 20:30,0,0.585
2025-04-29 20:45,0,0.5675
2025-04-29 23:00,0,0.55
2025-04-29 21:15,0,0.5475
2025-04-29 21:30,0,0.545
2025-04-29 21:45,0,0.5425
2025-04-30 00:00,0,0.54
2025-04-29 22:15,0,0.515
2025-04-29 22:30,0,0.49
2025-04-29 22:45,0,0.465
2025-04-30 01:00,0,0.44
2025-04-29 23:15,0,0.44
2025-04-29 23:30,0,0.44
2025-04-29 23:45,0,0.44
2025-04-30 02:00,0,0.44
2025-04-30 00:15,0.01,0.435
2025-04-30 00:30,0.02,0.43
2025-04-30 00:45,0.03,0.425
2025-04-30 03:00,0.04,0.42
2025-04-30 01:15,0.07,0.4475
2025-04-30 01:30,0.1,0.475
2025-04-30 01:45,0.13,0.5025
2025-04-30 04:00,0.16,0.53
2025-04-30 02:15,0.2375,0.585
2025-04-30 02:30,0.315,0.64
2025-04-30 02:45,0.3925,0.695
2025-04-30 05:00,0.47,0.75
2025-04-30 03:15,0.5825,0.8
2025-04-30 03:30,0.695,0.85
2025-04-30 03:45,0.8075,0.9
2025-04-30 06:00,0.92,0.95
2025-04-30 04:15,0.98,1.0325
2025-04-30 04:30,1.04,1.115
2025-04-30 04:45,1.1,1.1975
2025-04-30 07:00,1.16,1.28
2025-04-30 05:15,1.2625,1.3275
2025-04-30 05:30,1.365,1.375
2025-04-30 05:45,1.4675,1.4225
2025-04-30 08:00,1.57,1.47
2025-04-30 06:15,1.6675,1.5275
2025-04-30 06:30,1.765,1.585
2025-04-30 06:45,1.8625,1.6425
2025-04-30 09:00,1.96,1.7
2025-04-30 07:15,1.97,1.7625
2025-04-30 07:30,1.98,1.825
2025-04-30 07:45,1.99,1.8875
2025-04-30 10:00,2,1.95
2025-04-30 08:15,2.1175,1.9775
2025-04-30 08:30,2.235,2.005
2025-04-30 08:45,2.3525,2.0325
2025-04-30 11:00,2.47,2.06
2025-04-30 09:15,2.4275,2.045
2025-04-30 09:30,2.385,2.03
2025-04-30 09:45,2.3425,2.015
2025-04-30 12:00,2.3,2
2025-04-30 10:15,2.3125,2.04
2025-04-30 10:30,2.325,2.08
2025-04-30 10:45,2.3375,2.12
2025-04-30 13:00,2.35,2.16
2025-04-30 11:15,2.3,2.0375
2025-04-30 11:30,2.25,1.915
2025-04-30 11:45,2.2,1.7925
2025-04-30 14:00,2.15,1.67
2025-04-30 12:15,2.0925,1.715
2025-04-30 12:30,2.035,1.76
2025-04-30 12:45,1.9775,1.805
2025-04-30 15:00,1.92,1.85
2025-04-30 13:15,1.8225,1.7825
2025-04-30 13:30,1.725,1.715
2025-04-30 13:45,1.6275,1.6475
2025-04-30 16:00,1.53,1.58
2025-04-30 14:15,1.505,1.525
2025-04-30 14:30,1.48,1.47
2025-04-30 14:45,1.455,1.415
2025-04-30 17:00,1.43,1.36
2025-04-30 15:15,1.305,1.3375
2025-04-30 15:30,1.18,1.315
2025-04-30 15:45,1.055,1.2925
2025-04-30 18:00,0.93,1.27
2025-04-30 16:15,0.83,1.1925
2025-04-30 16:30,0.73,1.115
2025-04-30 16:45,0.63,1.0375
2025-04-30 19:00,0.53,0.96
2025-04-30 17:15,0.46,0.9375
2025-04-30 17:30,0.39,0.915
2025-04-30 17:45,0.32,0.8925
2025-04-30 20:00,0.25,0.87
2025-04-30 18:15,0.2,0.815
2025-04-30 18:30,0.15,0.76
2025-04-30 18:45,0.1,0.705
2025-04-30 21:00,0.05,0.65
2025-04-30 19:15,0.0375,0.645
2025-04-30 19:30,0.025,0.64
2025-04-30 19:45,0.0125,0.635
2025-04-30 22:00,0,0.63
2025-04-30 20:15,0,0.59
2025-04-30 20:30,0,0.55
2025-04-30 20:45,0,0.51
2025-04-30 23:00,0,0.47